
[DocHub] Auto-scanning test directory: C:/Users/Administrator/Desktop/DocHub测试
[DocHub] Scanned: 市一医.docx
[DocHub] Scanned: 1_安大航空锻造1.6.pdf
[DocHub] Scanned: 台泥水（安顺）压力表1.04.docx
[DocHub] Scanned: 台泥水（安顺）压力表10.17.docx
[DocHub] Scanned: 台泥水（安顺）安全阀07.01.docx
[DocHub] Scanned: 台泥水（安顺）安全阀校验01.04.docx
[DocHub] Scanned: 台泥水（安顺）安全阀校验10.17.docx
[DocHub] Scanned: 台泥水（安顺）安全阀维修01.04.docx
[DocHub] Scanned: 益佰总厂2022年安全阀校验费用清单.xlsx
[DocHub] Scanned: 东黎能源投资.docx
[DocHub] Scanned: 市一医..docx
[DocHub] Scanned: 市一医10.10.docx
[DocHub] Scanned: 市一医9.25(1).docx
[DocHub] Scanned: 市一医9.25.docx
[DocHub] Scanned: 林东龙凤煤矿.docx
[DocHub] Scanned: 贵州瓮安玉山-安全阀校验合同.docx
[DocHub] Scanned: 10月在线.docx
[DocHub] Scanned: 11月在线台帐.docx
[DocHub] Scanned: 12月在线台帐.docx
[DocHub] Scanned: 1月在线台帐.docx
[DocHub] Scanned: 5月在线台帐.docx
[DocHub] Scanned: 6月在线台帐.docx
[DocHub] Scanned: 7月在线台帐.docx
[DocHub] Scanned: 8月在线.docx
[DocHub] Scanned: 副本2022.12月需要校验的安全阀台账(1).xlsx
[DocHub] Scanned: 医学工程科询价函.docx
[DocHub] Scanned: 医学工程科询价函11.20.docx
[DocHub] Scanned: 医学工程科询价函成都.docx
[DocHub] Scanned: 医学工程科询价函成都11.20.docx
[DocHub] Scanned: 医学工程科询价函济南.docx
[DocHub] Scanned: 医学工程科询价函济南11.20.docx
[DocHub] Scanned: 安全阀.在线校验清单.xlsx
[DocHub] Scanned: 德昌祥药业.xlsx
[DocHub] Scanned: 沃尔玛都匀店压力表和安全阀.xlsx
[DocHub] Scanned: 芭田.xlsx
[DocHub] Scanned: 贵州裕能磷化工安全阀台账.xlsx
[DocHub] Scanned: 贵阳豆品乐-出证书委托单.xlsx
[DocHub] Scanned: 贵飞报价.xlsx
[DocHub] Scanned: 金桥燃气.xlsx
[DocHub] Scanned: 富明包装10.30.xlsx
[DocHub] Scanned: 泰邦生物23年12月21日.doc.xlsx
[DocHub] Scanned: 益佰总厂.xlsx
[DocHub] Scanned: 贵州三峡凯铜仪器设备检验清单(1).pdf
[DocHub] Scanned: 4541.xlsx
[DocHub] Scanned: 4542.xlsx
[DocHub] Scanned: 4543.xlsx
[DocHub] Scanned: 4544.xlsx
[DocHub] Scanned: 4545.xlsx
[DocHub] Scanned: 4546.xlsx
[DocHub] Scanned: 4547.xlsx
[DocHub] Scanned: 4548.xlsx
[DocHub] Scanned: 4549.xlsx
[DocHub] Scanned: 4550.xlsx
[DocHub] Scanned: 4551.xlsx
[DocHub] Scanned: 4552.xlsx
[DocHub] Scanned: 4553.xlsx
[DocHub] Scanned: 4554.xlsx
[DocHub] Scanned: 4555.xlsx
[DocHub] Scanned: 4556.xlsx
[DocHub] Scanned: 4557.xlsx
[DocHub] Scanned: 4558.xlsx
[DocHub] Scanned: 4559.xlsx
[DocHub] Scanned: 4560.xlsx
[DocHub] Scanned: 4561.xlsx
[DocHub] Scanned: 4562.xlsx
[DocHub] Scanned: 4563.xlsx
[DocHub] Scanned: 4564.xlsx
[DocHub] Scanned: 4565.xlsx
[DocHub] Scanned: 4566.xlsx
[DocHub] Scanned: 4567.xlsx
[DocHub] Scanned: 4568.xlsx
[DocHub] Scanned: 4569.xlsx
[DocHub] Scanned: 4570.xlsx
[DocHub] Scanned: 4571.xlsx
[DocHub] Scanned: 4572.xlsx
[DocHub] Scanned: 4573.xlsx
[DocHub] Scanned: 4574.xlsx
[DocHub] Scanned: 4575.xlsx
[DocHub] Scanned: 4576.xlsx
[DocHub] Scanned: 4577.xlsx
[DocHub] Scanned: 4578.xlsx
[DocHub] Scanned: 4579.xlsx
[DocHub] Scanned: 4580.xlsx
[DocHub] Scanned: 4581.xlsx
[DocHub] Scanned: 4582.xlsx
[DocHub] Scanned: 4583.xlsx
[DocHub] Scanned: 4584.xlsx
[DocHub] Scanned: 4585.xlsx
[DocHub] Scanned: 4586.xlsx
[DocHub] Scanned: 4587.xlsx
[DocHub] Scanned: 4588.xlsx
[DocHub] Scanned: 4589.xlsx
[DocHub] Scanned: 4590.xlsx
[DocHub] Scanned: 4591.xlsx
[DocHub] Scanned: 4592.xlsx
[DocHub] Scanned: 4593.xlsx
[DocHub] Scanned: 4594.xlsx
[DocHub] Scanned: 4595.xlsx
[DocHub] Scanned: 4596.xlsx
[DocHub] Scanned: 4597.xlsx
[DocHub] Scanned: 4598.xlsx
[DocHub] Scanned: 4599.xlsx
[DocHub] Scanned: 4600.xlsx
[DocHub] Scanned: 4601.xlsx
[DocHub] Scanned: 4602.xlsx
[DocHub] Scanned: 4603.xlsx
[DocHub] Scanned: 4604.xlsx
[DocHub] Scanned: 4605.xlsx
[DocHub] Scanned: 4606.xlsx
[DocHub] Scanned: 4607.xlsx
[DocHub] Scanned: 4608.xlsx
[DocHub] Scanned: 4609.xlsx
[DocHub] Scanned: 4610.xlsx
[DocHub] Scanned: 4611.xlsx
[DocHub] Scanned: 4612.xlsx
[DocHub] Scanned: 4613.xlsx
[DocHub] Scanned: 4614.xlsx
[DocHub] Scanned: 4615.xlsx
[DocHub] Scanned: 4616.xlsx
[DocHub] Scanned: 4617.xlsx
[DocHub] Scanned: 4618.xlsx
[DocHub] Scanned: 4619.xlsx
[DocHub] Scanned: 4620.xlsx
[DocHub] Scanned: 4621.xlsx
[DocHub] Scanned: 4622.xlsx
[DocHub] Scanned: 4623.xlsx
[DocHub] Scanned: 4624.xlsx
[DocHub] Scanned: 4625.xlsx
[DocHub] Scanned: 4632.xlsx
[DocHub] Scanned: 4633.xlsx
[DocHub] Scanned: 4634.xlsx
[DocHub] Scanned: 4635.xlsx
[DocHub] Scanned: 4636.xlsx
[DocHub] Scanned: 4637.xlsx
[DocHub] Scanned: 4638.xlsx
[DocHub] Scanned: 4639.xlsx
[DocHub] Scanned: 4640.xlsx
[DocHub] Scanned: 4641.xlsx
[DocHub] Scanned: 4642.xlsx
[DocHub] Scanned: 4643.xlsx
[DocHub] Scanned: 4644.xlsx
[DocHub] Scanned: 4645.xlsx
[DocHub] Scanned: 4646.xlsx
[DocHub] Scanned: 4647.xlsx
[DocHub] Scanned: 4648.xlsx
[DocHub] Scanned: 4649.xlsx
[DocHub] Scanned: 4650.xlsx
[DocHub] Scanned: 4651.xlsx
[DocHub] Scanned: 4652.xlsx
[DocHub] Scanned: 4653.xlsx
[DocHub] Scanned: 4654.xlsx
[DocHub] Scanned: 4655.xlsx
[DocHub] Scanned: 4656.xlsx
[DocHub] Scanned: 4658.xlsx
[DocHub] Scanned: 4659.xlsx
[DocHub] Scanned: 4660.xlsx
[DocHub] Scanned: 4661.xlsx
[DocHub] Scanned: 4662.xlsx
[DocHub] Scanned: 4663.xlsx
[DocHub] Scanned: 4664.xlsx
[DocHub] Scanned: 4665.xlsx
[DocHub] Scanned: 4666.xlsx
[DocHub] Scanned: 4667.xlsx
[DocHub] Scanned: 4668.xlsx
[DocHub] Scanned: 4669.xlsx
[DocHub] Scanned: 4670.xlsx
[DocHub] Scanned: 4671.xlsx
[DocHub] Scanned: 4672.xlsx
[DocHub] Scanned: 4673.xlsx
[DocHub] Scanned: 4674.xlsx
[DocHub] Scanned: 4675.xlsx
[DocHub] Scanned: 4676.xlsx
[DocHub] Scanned: 4677.xlsx
[DocHub] Scanned: 4678.xlsx
[DocHub] Scanned: 4679.xlsx
[DocHub] Scanned: 4680.xlsx
[DocHub] Scanned: 4681.xlsx
[DocHub] Scanned: 4682.xlsx
[DocHub] Scanned: 4683.xlsx
[DocHub] Scanned: 4684.xlsx
[DocHub] Scanned: 4685.xlsx
[DocHub] Scanned: 4686.xlsx
[DocHub] Scanned: 4687.xlsx
[DocHub] Scanned: 4688.xlsx
[DocHub] Scanned: 4689.xlsx
[DocHub] Scanned: 4690.xlsx
[DocHub] Scanned: 4691.xlsx
[DocHub] Scanned: 4692.xlsx
[DocHub] Scanned: 4693.xlsx
[DocHub] Scanned: 4694.xlsx
[DocHub] Scanned: 4695.xlsx
[DocHub] Scanned: 4696.xlsx
[DocHub] Scanned: 4697.xlsx
[DocHub] Scanned: 4698.xlsx
[DocHub] Scanned: 4699.xlsx
[DocHub] Scanned: 4700.xlsx
[DocHub] Scanned: 4701.xlsx
[DocHub] Scanned: 4702.xlsx
[DocHub] Scanned: 4703.xlsx
[DocHub] Scanned: 4704.xlsx
[DocHub] Scanned: 4705.xlsx
[DocHub] Scanned: 4706.xlsx
[DocHub] Scanned: 4707.xlsx
[DocHub] Scanned: 4708.xlsx
[DocHub] Scanned: 4709.xlsx
[DocHub] Scanned: 4710.xlsx
[DocHub] Scanned: 4711.xlsx
[DocHub] Scanned: 4712.xlsx
[DocHub] Scanned: 4713.xlsx
[DocHub] Scanned: 4714.xlsx
[DocHub] Scanned: 4715.xlsx
[DocHub] Scanned: 4716.xlsx
[DocHub] Scanned: 4717.xlsx
[DocHub] Scanned: 4718.xlsx
[DocHub] Scanned: 4719.xlsx
[DocHub] Scanned: 4720.xlsx
[DocHub] Scanned: 4721.xlsx
[DocHub] Scanned: 4722.xlsx
[DocHub] Scanned: 4723.xlsx
[DocHub] Scanned: 4724.xlsx
[DocHub] Scanned: 4725.xlsx
[DocHub] Scanned: 4726.xlsx
[DocHub] Scanned: 4727.xlsx
[DocHub] Scanned: 4728.xlsx
[DocHub] Scanned: 4729.xlsx
[DocHub] Scanned: 4730.xlsx
[DocHub] Scanned: 4731.xlsx
[DocHub] Scanned: 4732.xlsx
[DocHub] Scanned: 4733.xlsx
[DocHub] Scanned: 4734.xlsx
[DocHub] Scanned: 4735.xlsx
[DocHub] Scanned: 4736.xlsx
[DocHub] Scanned: 4737.xlsx
[DocHub] Scanned: 4738.xlsx
[DocHub] Scanned: 4739.xlsx
[DocHub] Scanned: 4740.xlsx
[DocHub] Scanned: 4741.xlsx
[DocHub] Scanned: 4742.xlsx
[DocHub] Scanned: 4743.xlsx
[DocHub] Scanned: 4744.xlsx
[DocHub] Scanned: 4745.xlsx
[DocHub] Scanned: 4746.xlsx
[DocHub] Scanned: 4747.xlsx
[DocHub] Scanned: 4748.xlsx
[DocHub] Scanned: 4749.xlsx
[DocHub] Scanned: 4750.xlsx
[DocHub] Scanned: 4751.xlsx
[DocHub] Scanned: 4752.xlsx
[DocHub] Scanned: 4753.xlsx
[DocHub] Scanned: 4754.xlsx
[DocHub] Scanned: 4755.xlsx
[DocHub] Scanned: 4756.xlsx
[DocHub] Scanned: 4757.xlsx
[DocHub] Scanned: 4758.xlsx
[DocHub] Scanned: 4759.xlsx
[DocHub] Scanned: 4760.xlsx
[DocHub] Scanned: 4761.xlsx
[DocHub] Scanned: 4762.xlsx
[DocHub] Scanned: 4763.xlsx
[DocHub] Scanned: 4764.xlsx
[DocHub] Scanned: 4765.xlsx
[DocHub] Scanned: 4766.xlsx
[DocHub] Scanned: 4767.xlsx
[DocHub] Scanned: 4768.xlsx
[DocHub] Scanned: 4769.xlsx
[DocHub] Scanned: 4770.xlsx
[DocHub] Scanned: 4771.xlsx
[DocHub] Scanned: 4772.xlsx
[DocHub] Scanned: 4773.xlsx
[DocHub] Scanned: 4774.xlsx
[DocHub] Scanned: 4775.xlsx
[DocHub] Scanned: 4776.xlsx
[DocHub] Scanned: 4777.xlsx
[DocHub] Scanned: 4778.xlsx
[DocHub] Scanned: 4779.xlsx
[DocHub] Scanned: 4780.xlsx
[DocHub] Scanned: 4781.xlsx
[DocHub] Scanned: 4782.xlsx
[DocHub] Scanned: 4783.xlsx
[DocHub] Scanned: 4784.xlsx
[DocHub] Scanned: 4785.xlsx
[DocHub] Scanned: 4786.xlsx
[DocHub] Scanned: 4787.xlsx
[DocHub] Scanned: 4788.xlsx
[DocHub] Scanned: 4789.xlsx
[DocHub] Scanned: 4790.xlsx
[DocHub] Scanned: 4791.xlsx
[DocHub] Scanned: 4792.xlsx
[DocHub] Scanned: 4793.xlsx
[DocHub] Scanned: 4794.xlsx
[DocHub] Scanned: 4795.xlsx
[DocHub] Scanned: 4796.xlsx
[DocHub] Scanned: 4797.xlsx
[DocHub] Scanned: 4798.xlsx
[DocHub] Scanned: 4799.xlsx
[DocHub] Scanned: 4800.xlsx
[DocHub] Scanned: 4801.xlsx
[DocHub] Scanned: 4802.xlsx
[DocHub] Scanned: 4803.xlsx
[DocHub] Scanned: 4804.xlsx
[DocHub] Scanned: 4805.xlsx
[DocHub] Scanned: 4806.xlsx
[DocHub] Scanned: 4807.xlsx
[DocHub] Scanned: 4808..xlsx
[DocHub] Scanned: 4808.xlsx
[DocHub] Scanned: 4809.xlsx
[DocHub] Scanned: 4810.xlsx
[DocHub] Scanned: 4811.xlsx
[DocHub] Scanned: 4812.xlsx
[DocHub] Scanned: 4813.xlsx
[DocHub] Scanned: 4814.xlsx
[DocHub] Scanned: 4815.xlsx
[DocHub] Scanned: 4816.xlsx
[DocHub] Scanned: 4817.xlsx
[DocHub] Scanned: 4818.xlsx
[DocHub] Scanned: 4819.xlsx
[DocHub] Scanned: 4820.xlsx
[DocHub] Scanned: 4821.xlsx
[DocHub] Scanned: 4822.xlsx
[DocHub] Scanned: 4823.xlsx
[DocHub] Scanned: 4824.xlsx
[DocHub] Scanned: 4825.xlsx
[DocHub] Scanned: 4826.xlsx
[DocHub] Scanned: 4827.xlsx
[DocHub] Scanned: 4828.xlsx
[DocHub] Scanned: 4829.xlsx
[DocHub] Scanned: 4830.xlsx
[DocHub] Scanned: 4831.xlsx
[DocHub] Scanned: 4832.xlsx
[DocHub] Scanned: 4833.xlsx
[DocHub] Scanned: 4852.xlsx
[DocHub] Scanned: 4853.xlsx
[DocHub] Scanned: 4854.xlsx
[DocHub] Scanned: 4855.xlsx
[DocHub] Scanned: 4856.xlsx
[DocHub] Scanned: 4860.xlsx
[DocHub] Scanned: 4861.xlsx
[DocHub] Scanned: 4862.xlsx
[DocHub] Scanned: 4863.xlsx
[DocHub] Scanned: 4864.xlsx
[DocHub] Scanned: 4865.xlsx
[DocHub] Scanned: 4866.xlsx
[DocHub] Scanned: 4867.xlsx
[DocHub] Scanned: 4868.xlsx
[DocHub] Scanned: 4869.xlsx
[DocHub] Scanned: 4870.xlsx
[DocHub] Scanned: 4871.xlsx
[DocHub] Scanned: 4872.xlsx
[DocHub] Scanned: 4873.xlsx
[DocHub] Scanned: 4874.xlsx
[DocHub] Scanned: 4875.xlsx
[DocHub] Scanned: 4876.xlsx
[DocHub] Scanned: 4877.xlsx
[DocHub] Scanned: 4878.xlsx
[DocHub] Scanned: 4879.xlsx
[DocHub] Scanned: 4880.xlsx
[DocHub] Scanned: 4881.xlsx
[DocHub] Scanned: 4882.xlsx
[DocHub] Scanned: 4883.xlsx
[DocHub] Scanned: 4884.xlsx
[DocHub] Scanned: 4885.xlsx
[DocHub] Scanned: 4886.xlsx
[DocHub] Scanned: 4887.xlsx
[DocHub] Scanned: 4888.xlsx
[DocHub] Scanned: 4889.xlsx
[DocHub] Scanned: 4890.xlsx
[DocHub] Scanned: 4891.xlsx
[DocHub] Scanned: 4892.xlsx
[DocHub] Scanned: 4893.xlsx
[DocHub] Scanned: 4894.xlsx
[DocHub] Scanned: 4895.xlsx
[DocHub] Scanned: 4896.xlsx
[DocHub] Scanned: 4897.xlsx
[DocHub] Scanned: 4898.xlsx
[DocHub] Scanned: 4899.xlsx
[DocHub] Scanned: 4900.xlsx
[DocHub] Scanned: 4901.xlsx
[DocHub] Scanned: 4902.xlsx
[DocHub] Scanned: 4903.xlsx
[DocHub] Scanned: 4904.xlsx
[DocHub] Scanned: 4905.xlsx
[DocHub] Scanned: 4906.xlsx
[DocHub] Scanned: 4907.xlsx
[DocHub] Scanned: 4908.xlsx
[DocHub] Scanned: 4909.xlsx
[DocHub] Scanned: 4910.xlsx
[DocHub] Scanned: 4911.xlsx
[DocHub] Scanned: 4912.xlsx
[DocHub] Scanned: 4913.xlsx
[DocHub] Scanned: 4914.xlsx
[DocHub] Scanned: ~$4693.xlsx
[DocHub] Scanned: 安全阀报告模板终.xlsx
[DocHub] Scanned: 4010.xlsx
[DocHub] Scanned: 4915.xlsx
[DocHub] Scanned: 4916.xlsx
[DocHub] Scanned: 4917.xlsx
[DocHub] Scanned: 4918.xlsx
[DocHub] Scanned: 4919.xlsx
[DocHub] Scanned: 4920.xlsx
[DocHub] Scanned: 4921.xlsx
[DocHub] Scanned: 4922.xlsx
[DocHub] Scanned: 4923.xlsx
[DocHub] Scanned: 4924.xlsx
[DocHub] Scanned: 4925.xlsx
[DocHub] Scanned: 4926.xlsx
[DocHub] Scanned: 4927.xlsx
[DocHub] Scanned: 4928.xlsx
[DocHub] Scanned: 4929.xlsx
[DocHub] Scanned: 4930.xlsx
[DocHub] Scanned: 4931.xlsx
[DocHub] Scanned: 4932.xlsx
[DocHub] Scanned: 4933.xlsx
[DocHub] Scanned: 4934.xlsx
[DocHub] Scanned: 4935.xlsx
[DocHub] Scanned: 4936.xlsx
[DocHub] Scanned: 4937.xlsx
[DocHub] Scanned: 4938.xlsx
[DocHub] Scanned: 4939.xlsx
[DocHub] Scanned: 4940.xlsx
[DocHub] Scanned: 4941.xlsx
[DocHub] Scanned: 4942.xlsx
[DocHub] Scanned: 4943.xlsx
[DocHub] Scanned: 4944.xlsx
[DocHub] Scanned: 4945.xlsx
[DocHub] Scanned: 4946.xlsx
[DocHub] Scanned: 4947.xlsx
[DocHub] Scanned: 4948.xlsx
[DocHub] Scanned: 4949.xlsx
[DocHub] Scanned: 4950.xlsx
[DocHub] Scanned: 4951.xlsx
[DocHub] Scanned: 4952.xlsx
[DocHub] Scanned: 4953...xlsx
[DocHub] Scanned: 4953.xlsx
[DocHub] Scanned: 4954.xlsx
[DocHub] Scanned: 4955.xlsx
[DocHub] Scanned: 4956.xlsx
[DocHub] Scanned: 4957.xlsx
[DocHub] Scanned: 4958.xlsx
[DocHub] Scanned: 4959.xlsx
[DocHub] Scanned: 4960.xlsx
[DocHub] Scanned: 4961.xlsx
[DocHub] Scanned: 4962.xlsx
[DocHub] Scanned: 4963.xlsx
[DocHub] Scanned: 4964.xlsx
[DocHub] Scanned: 4965.xlsx
[DocHub] Scanned: 4966.xlsx
[DocHub] Scanned: 4967.xlsx
[DocHub] Scanned: 4968.xlsx
[DocHub] Scanned: 4969.xlsx
[DocHub] Scanned: 4970.xlsx
[DocHub] Scanned: 4971.xlsx
[DocHub] Scanned: 4972.xlsx
[DocHub] Scanned: 4973.xlsx
[DocHub] Scanned: 4974.xlsx
[DocHub] Scanned: 4975.xlsx
[DocHub] Scanned: 4976.xlsx
[DocHub] Scanned: 4977.xlsx
[DocHub] Scanned: 4978.xlsx
[DocHub] Scanned: 4979.xlsx
[DocHub] Scanned: 4980.xlsx
[DocHub] Scanned: 4981.xlsx
[DocHub] Scanned: 4982.xlsx
[DocHub] Scanned: 4983.xlsx
[DocHub] Scanned: 4984.xlsx
[DocHub] Scanned: 4985.xlsx
[DocHub] Scanned: 4986.xlsx
[DocHub] Scanned: 4987.xlsx
[DocHub] Scanned: 4988.xlsx
[DocHub] Scanned: 4989.xlsx
[DocHub] Scanned: 4990.xlsx
[DocHub] Scanned: 4991.xlsx
[DocHub] Scanned: 4992.xlsx
[DocHub] Scanned: 4993.xlsx
[DocHub] Scanned: 4994.xlsx
[DocHub] Scanned: 4995.xlsx
[DocHub] Scanned: 4996.xlsx
[DocHub] Scanned: 4997.xlsx
[DocHub] Scanned: 4998.xlsx
[DocHub] Scanned: 4999.xlsx
[DocHub] Scanned: 5000.xlsx
[DocHub] Scanned: 5001.xlsx
[DocHub] Scanned: 5002.xlsx
[DocHub] Scanned: 5003.xlsx
[DocHub] Scanned: 5004.xlsx
[DocHub] Scanned: 5005.xlsx
[DocHub] Scanned: 5006.xlsx
[DocHub] Scanned: 5007.xlsx
[DocHub] Scanned: 5008.xlsx
[DocHub] Scanned: 5009.xlsx
[DocHub] Scanned: 5010.xlsx
[DocHub] Scanned: 5011.xlsx
[DocHub] Scanned: 5012.xlsx
[DocHub] Scanned: 5013.xlsx
[DocHub] Scanned: 5014.xlsx
[DocHub] Scanned: 5015.xlsx
[DocHub] Scanned: 5016.xlsx
[DocHub] Scanned: 5017.xlsx
[DocHub] Scanned: 5018.xlsx
[DocHub] Scanned: 5019.xlsx
[DocHub] Scanned: 5020.xlsx
[DocHub] Scanned: 5021.xlsx
[DocHub] Scanned: 5022.xlsx
[DocHub] Scanned: 5023.xlsx
[DocHub] Scanned: 5024.xlsx
[DocHub] Scanned: 5025.xlsx
[DocHub] Scanned: 5026.xlsx
[DocHub] Scanned: 5027.xlsx
[DocHub] Scanned: 5028.xlsx
[DocHub] Scanned: 5029.xlsx
[DocHub] Scanned: 5030.xlsx
[DocHub] Scanned: 5031.xlsx
[DocHub] Scanned: 5032.xlsx
[DocHub] Scanned: 5033.xlsx
[DocHub] Scanned: 5034.xlsx
[DocHub] Scanned: 5035.xlsx
[DocHub] Scanned: 5036.xlsx
[DocHub] Scanned: 5037.xlsx
[DocHub] Scanned: 5038.xlsx
[DocHub] Scanned: 5039.xlsx
[DocHub] Scanned: 5040.xlsx
[DocHub] Scanned: 5041.xlsx
[DocHub] Scanned: 5042.xlsx
[DocHub] Scanned: 5043.xlsx
[DocHub] Scanned: 5044.xlsx
[DocHub] Scanned: 5045.xlsx
[DocHub] Scanned: 5046.xlsx
[DocHub] Scanned: 5047.xlsx
[DocHub] Scanned: 5048.xlsx
[DocHub] Scanned: 5049.xlsx
[DocHub] Scanned: 5050.xlsx
[DocHub] Scanned: 5051.xlsx
[DocHub] Scanned: 5052.xlsx
[DocHub] Scanned: 5053.xlsx
[DocHub] Scanned: 5054.xlsx
[DocHub] Scanned: 5055.xlsx
[DocHub] Scanned: 5056.xlsx
[DocHub] Scanned: 5057.xlsx
[DocHub] Scanned: 5058.xlsx
[DocHub] Scanned: 5059.xlsx
[DocHub] Scanned: 5060.xlsx
[DocHub] Scanned: 5061.xlsx
[DocHub] Scanned: 5062.xlsx
[DocHub] Scanned: 5063.xlsx
[DocHub] Scanned: 5064.xlsx
[DocHub] Scanned: 5065.xlsx
[DocHub] Scanned: 5070.xlsx
[DocHub] Scanned: 5071.xlsx
[DocHub] Scanned: 5072.xlsx
[DocHub] Scanned: 5073.xlsx
[DocHub] Scanned: 5074.xlsx
[DocHub] Scanned: 5075.xlsx
[DocHub] Scanned: 5076.xlsx
[DocHub] Scanned: 5077.xlsx
[DocHub] Scanned: 5078.xlsx
[DocHub] Scanned: 5079.xlsx
[DocHub] Scanned: 5080.xlsx
[DocHub] Scanned: 5081.xlsx
[DocHub] Scanned: 5082.xlsx
[DocHub] Scanned: 5083.xlsx
[DocHub] Scanned: 5084.xlsx
[DocHub] Scanned: 5085.xlsx
[DocHub] Scanned: 5086.xlsx
[DocHub] Scanned: 5087.xlsx
[DocHub] Scanned: 5088.xlsx
[DocHub] Scanned: 5089.xlsx
[DocHub] Scanned: 5090.xlsx
[DocHub] Scanned: 5091.xlsx
[DocHub] Scanned: 5092.xlsx
[DocHub] Scanned: 5093.xlsx
[DocHub] Scanned: 5094.xlsx
[DocHub] Scanned: 5095.xlsx
[DocHub] Scanned: 5096.xlsx
[DocHub] Scanned: 5097.xlsx
[DocHub] Scanned: 5098.xlsx
[DocHub] Scanned: 5099.xlsx
[DocHub] Scanned: 5100.xlsx
[DocHub] Scanned: 5101.xlsx
[DocHub] Scanned: 5102.xlsx
[DocHub] Scanned: 5103.xlsx
[DocHub] Scanned: 5104.xlsx
[DocHub] Scanned: 5105.xlsx
[DocHub] Scanned: 5106.xlsx
[DocHub] Scanned: 5107.xlsx
[DocHub] Scanned: 5108.xlsx
[DocHub] Scanned: 5109.xlsx
[DocHub] Scanned: 5110.xlsx
[DocHub] Scanned: 5111.xlsx
[DocHub] Scanned: 5112.xlsx
[DocHub] Scanned: 5113.xlsx
[DocHub] Scanned: 5114.xlsx
[DocHub] Scanned: 5115.xlsx
[DocHub] Scanned: 5116.xlsx
[DocHub] Scanned: 5117.xlsx
[DocHub] Scanned: 5118.xlsx
[DocHub] Scanned: 5119.xlsx
[DocHub] Scanned: 5120.xlsx
[DocHub] Scanned: 5120A.xlsx
[DocHub] Scanned: 5121.xlsx
[DocHub] Scanned: 5121A.xlsx
[DocHub] Scanned: 5122.xlsx
[DocHub] Scanned: 5122A.xlsx
[DocHub] Scanned: 5123.xlsx
[DocHub] Scanned: 5123A.xlsx
[DocHub] Scanned: 5124.xlsx
[DocHub] Scanned: 5124A.xlsx
[DocHub] Scanned: 5125.xlsx
[DocHub] Scanned: 5125A.xlsx
[DocHub] Scanned: 5126.xlsx
[DocHub] Scanned: 5126A.xlsx
[DocHub] Scanned: 5127.xlsx
[DocHub] Scanned: 5127A.xlsx
[DocHub] Scanned: 5128.xlsx
[DocHub] Scanned: 5128A.xlsx
[DocHub] Scanned: 5129.xlsx
[DocHub] Scanned: 5129A.xlsx
[DocHub] Scanned: 5130.xlsx
[DocHub] Scanned: 5131.xlsx
[DocHub] Scanned: 5132.xlsx
[DocHub] Scanned: 5133.xlsx
[DocHub] Scanned: 5134.xlsx
[DocHub] Scanned: 5135.xlsx
[DocHub] Scanned: 5136.xlsx
[DocHub] Scanned: 5137.xlsx
[DocHub] Scanned: 5138.xlsx
[DocHub] Scanned: 5139.xlsx
[DocHub] Scanned: 5140.xlsx
[DocHub] Scanned: 5141.xlsx
[DocHub] Scanned: 5142.xlsx
[DocHub] Scanned: 5143.xlsx
[DocHub] Scanned: 5144.xlsx
[DocHub] Scanned: 5145.xlsx
[DocHub] Scanned: 5146.xlsx
[DocHub] Scanned: 5147.xlsx
[DocHub] Scanned: 5148.xlsx
[DocHub] Scanned: 5149.xlsx
[DocHub] Scanned: 5150.xlsx
[DocHub] Scanned: 5151.xlsx
[DocHub] Scanned: 5152.xlsx
[DocHub] Scanned: 5153.xlsx
[DocHub] Scanned: 5154.xlsx
[DocHub] Scanned: 5155.xlsx
[DocHub] Scanned: 5156.xlsx
[DocHub] Scanned: 5157.xlsx
[DocHub] Scanned: 5158.xlsx
[DocHub] Scanned: 5159.xlsx
[DocHub] Scanned: 5160.xlsx
[DocHub] Scanned: 5161.xlsx
[DocHub] Scanned: 5162.xlsx
[DocHub] Scanned: 5163.xlsx
[DocHub] Scanned: 5164.xlsx
[DocHub] Scanned: 5165.xlsx
[DocHub] Scanned: 5166.xlsx
[DocHub] Scanned: 5167.xlsx
[DocHub] Scanned: 5168.xlsx
[DocHub] Scanned: 5169.xlsx
[DocHub] Scanned: 5170.xlsx
[DocHub] Scanned: 5171.xlsx
[DocHub] Scanned: 5172.xlsx
[DocHub] Scanned: 5173.xlsx
[DocHub] Scanned: 5174.xlsx
[DocHub] Scanned: 5175.xlsx
[DocHub] Scanned: 5176.xlsx
[DocHub] Scanned: 5177.xlsx
[DocHub] Scanned: 5178.xlsx
[DocHub] Scanned: 5179.xlsx
[DocHub] Scanned: 5180.xlsx
[DocHub] Scanned: 5181.xlsx
[DocHub] Scanned: 5182.xlsx
[DocHub] Scanned: 5183.xlsx
[DocHub] Scanned: 5184.xlsx
[DocHub] Scanned: 5185.xlsx
[DocHub] Scanned: 5186.xlsx
[DocHub] Scanned: 5187.xlsx
[DocHub] Scanned: 5188.xlsx
[DocHub] Scanned: 5189.xlsx
[DocHub] Scanned: 5190.xlsx
[DocHub] Scanned: 5191.xlsx
[DocHub] Scanned: 5192.xlsx
[DocHub] Scanned: 5193.xlsx
[DocHub] Scanned: 5194.xlsx
[DocHub] Scanned: 5195.xlsx
[DocHub] Scanned: 5196.xlsx
[DocHub] Scanned: 5197.xlsx
[DocHub] Scanned: 5198.xlsx
[DocHub] Scanned: 5199.xlsx
[DocHub] Scanned: 5200.xlsx
[DocHub] Scanned: 5201.xlsx
[DocHub] Scanned: 5202.xlsx
[DocHub] Scanned: 5203.xlsx
[DocHub] Scanned: 5204.xlsx
[DocHub] Scanned: 5205.xlsx
[DocHub] Scanned: 5206.xlsx
[DocHub] Scanned: 5207.xlsx
[DocHub] Scanned: 5208.xlsx
[DocHub] Scanned: 5209.xlsx
[DocHub] Scanned: 5210.xlsx
[DocHub] Scanned: 5211.xlsx
[DocHub] Scanned: 5212.xlsx
[DocHub] Scanned: 5213.xlsx
[DocHub] Scanned: 5214.xlsx
[DocHub] Scanned: 5215.xlsx
[DocHub] Scanned: 5216.xlsx
[DocHub] Scanned: 5217.xlsx
[DocHub] Scanned: 5218.xlsx
[DocHub] Scanned: 5219.xlsx
[DocHub] Scanned: 5220.xlsx
[DocHub] Scanned: 5221.xlsx
[DocHub] Scanned: 5222.xlsx
[DocHub] Scanned: 5223.xlsx
[DocHub] Scanned: 5224.xlsx
[DocHub] Scanned: 5225.xlsx
[DocHub] Scanned: 5226.xlsx
[DocHub] Scanned: 5227.xlsx
[DocHub] Scanned: 5228.xlsx
[DocHub] Scanned: 5229.xlsx
[DocHub] Scanned: 5230.xlsx
[DocHub] Scanned: 5231.xlsx
[DocHub] Scanned: 5232.xlsx
[DocHub] Scanned: 5233.xlsx
[DocHub] Scanned: 5234.xlsx
[DocHub] Scanned: 5235.xlsx
[DocHub] Scanned: 5236.xlsx
[DocHub] Scanned: 5237.xlsx
[DocHub] Scanned: 5238.xlsx
[DocHub] Scanned: 5239.xlsx
[DocHub] Scanned: 5240.xlsx
[DocHub] Scanned: 5241.xlsx
[DocHub] Scanned: 5242.xlsx
[DocHub] Scanned: 5243.xlsx
[DocHub] Scanned: 5244.xlsx
[DocHub] Scanned: 5245.xlsx
[DocHub] Scanned: 5246.xlsx
[DocHub] Scanned: 5247.xlsx
[DocHub] Scanned: 5248.xlsx
[DocHub] Scanned: 5249.xlsx
[DocHub] Scanned: 5250.xlsx
[DocHub] Scanned: 5251.xlsx
[DocHub] Scanned: 5252.xlsx
[DocHub] Scanned: 5253.xlsx
[DocHub] Scanned: 5254.xlsx
[DocHub] Scanned: 5255.xlsx
[DocHub] Scanned: 5256.xlsx
[DocHub] Scanned: 5257.xlsx
[DocHub] Scanned: 5258.xlsx
[DocHub] Scanned: 5259.xlsx
[DocHub] Scanned: 526.xlsx
[DocHub] Scanned: 5260.xlsx
[DocHub] Scanned: 5261.xlsx
[DocHub] Scanned: 5262.xlsx
[DocHub] Scanned: 5263.xlsx
[DocHub] Scanned: 5264.xlsx
[DocHub] Scanned: 5265.xlsx
[DocHub] Scanned: 5266.xlsx
[DocHub] Scanned: 5267.xlsx
[DocHub] Scanned: 5268.xlsx
[DocHub] Scanned: 5269.xlsx
[DocHub] Scanned: 5270.xlsx
[DocHub] Scanned: 5271.xlsx
[DocHub] Scanned: 5272.xlsx
[DocHub] Scanned: 5273.xlsx
[DocHub] Scanned: 5274.xlsx
[DocHub] Scanned: 5275.xlsx
[DocHub] Scanned: 5276.xlsx
[DocHub] Scanned: 5277.xlsx
[DocHub] Scanned: 5278.xlsx
[DocHub] Scanned: 5279.xlsx
[DocHub] Scanned: 5280.xlsx
[DocHub] Scanned: 5281..xlsx
[DocHub] Scanned: 5281.xlsx
[DocHub] Scanned: 5282..xlsx
[DocHub] Scanned: 5282.xlsx
[DocHub] Scanned: 5283..xlsx
[DocHub] Scanned: 5283.xlsx
[DocHub] Scanned: 5284..xlsx
[DocHub] Scanned: 5284.xlsx
[DocHub] Scanned: 5285.xlsx
[DocHub] Scanned: 5286.xlsx
[DocHub] Scanned: 5287.xlsx
[DocHub] Scanned: 5288.xlsx
[DocHub] Scanned: 5289.xlsx
[DocHub] Scanned: 5290.xlsx
[DocHub] Scanned: 5291.xlsx
[DocHub] Scanned: 5292.xlsx
[DocHub] Scanned: 5293.xlsx
[DocHub] Scanned: 5294.xlsx
[DocHub] Scanned: 5295.xlsx
[DocHub] Scanned: 5296.xlsx
[DocHub] Scanned: 5297.xlsx
[DocHub] Scanned: 5298.xlsx
[DocHub] Scanned: 5299.xlsx
[DocHub] Scanned: 5300.xlsx
[DocHub] Scanned: 5301.xlsx
[DocHub] Scanned: 5302.xlsx
[DocHub] Scanned: 5303.xlsx
[DocHub] Scanned: 5304.xlsx
[DocHub] Scanned: 5305.xlsx
[DocHub] Scanned: 5306.xlsx
[DocHub] Scanned: 5307.xlsx
[DocHub] Scanned: 5308.xlsx
[DocHub] Scanned: 5309.xlsx
[DocHub] Scanned: 5310.xlsx
[DocHub] Scanned: 5311.xlsx
[DocHub] Scanned: 5312.xlsx
[DocHub] Scanned: 5313.xlsx
[DocHub] Scanned: 5314.xlsx
[DocHub] Scanned: 5315.xlsx
[DocHub] Scanned: 5316.xlsx
[DocHub] Scanned: 5317.xlsx
[DocHub] Scanned: 5318.xlsx
[DocHub] Scanned: 5319.xlsx
[DocHub] Scanned: 5320.xlsx
[DocHub] Scanned: 5321.xlsx
[DocHub] Scanned: 5322.xlsx
[DocHub] Scanned: 5323.xlsx
[DocHub] Scanned: 5324.xlsx
[DocHub] Scanned: 5325.xlsx
[DocHub] Scanned: 5326.xlsx
[DocHub] Scanned: 5327.xlsx
[DocHub] Scanned: 5328.xlsx
[DocHub] Scanned: 5329.xlsx
[DocHub] Scanned: 5330.xlsx
[DocHub] Scanned: 5331.xlsx
[DocHub] Scanned: 5332.xlsx
[DocHub] Scanned: 5333.xlsx
[DocHub] Scanned: 5334.xlsx
[DocHub] Scanned: 5335.xlsx
[DocHub] Scanned: 5336.xlsx
[DocHub] Scanned: 5337.xlsx
[DocHub] Scanned: 5338.xlsx
[DocHub] Scanned: 5339.xlsx
[DocHub] Scanned: 5340.xlsx
[DocHub] Scanned: 5341.xlsx
[DocHub] Scanned: 5342.xlsx
[DocHub] Scanned: 5343.xlsx
[DocHub] Scanned: 5344.xlsx
[DocHub] Scanned: 5345.xlsx
[DocHub] Scanned: 5346.xlsx
[DocHub] Scanned: 5347.xlsx
[DocHub] Scanned: 5348.xlsx
[DocHub] Scanned: 5349.xlsx
[DocHub] Scanned: 5350.xlsx
[DocHub] Scanned: 5351.xlsx
[DocHub] Scanned: 5352.xlsx
[DocHub] Scanned: 5353.xlsx
[DocHub] Scanned: 5354.xlsx
[DocHub] Scanned: 5355.xlsx
[DocHub] Scanned: 5356.xlsx
[DocHub] Scanned: 5357.xlsx
[DocHub] Scanned: 5358.xlsx
[DocHub] Scanned: 5359.xlsx
[DocHub] Scanned: 5360.xlsx
[DocHub] Scanned: 5361.xlsx
[DocHub] Scanned: 5362.xlsx
[DocHub] Scanned: 5363.xlsx
[DocHub] Scanned: 5364.xlsx
[DocHub] Scanned: 5365.xlsx
[DocHub] Scanned: 5366.xlsx
[DocHub] Scanned: 5367.xlsx
[DocHub] Scanned: 5368.xlsx
[DocHub] Scanned: 5369.xlsx
[DocHub] Scanned: 5370.xlsx
[DocHub] Scanned: 5371.xlsx
[DocHub] Scanned: 5372.xlsx
[DocHub] Scanned: 5373.xlsx
[DocHub] Scanned: 5374.xlsx
[DocHub] Scanned: 5433.xlsx
[DocHub] Scanned: 5434.xlsx
[DocHub] Scanned: 5435.xlsx
[DocHub] Scanned: 5436.xlsx
[DocHub] Scanned: ~$5244.xlsx
[DocHub] Scanned: 安全阀报告模板终.xlsx
[DocHub] Scanned: 5375.xlsx
[DocHub] Scanned: 5376.xlsx
[DocHub] Scanned: 5377.xlsx
[DocHub] Scanned: 5378.xlsx
[DocHub] Scanned: 5379.xlsx
[DocHub] Scanned: 5380.xlsx
[DocHub] Scanned: 5381.xlsx
[DocHub] Scanned: 5382.xlsx
[DocHub] Scanned: 5383.xlsx
[DocHub] Scanned: 5384.xlsx
[DocHub] Scanned: 5385.xlsx
[DocHub] Scanned: 5386.xlsx
[DocHub] Scanned: 5387.xlsx
[DocHub] Scanned: 5388.xlsx
[DocHub] Scanned: 5389.xlsx
[DocHub] Scanned: 5390.xlsx
[DocHub] Scanned: 5391.xlsx
[DocHub] Scanned: 5392.xlsx
[DocHub] Scanned: 5393.xlsx
[DocHub] Scanned: 5394.xlsx
[DocHub] Scanned: 5395.xlsx
[DocHub] Scanned: 5396.xlsx
[DocHub] Scanned: 5397.xlsx
[DocHub] Scanned: 5398.xlsx
[DocHub] Scanned: 5399.xlsx
[DocHub] Scanned: 5400.xlsx
[DocHub] Scanned: 5401.xlsx
[DocHub] Scanned: 5402.xlsx
[DocHub] Scanned: 5403.xlsx
[DocHub] Scanned: 5404.xlsx
[DocHub] Scanned: 5405.xlsx
[DocHub] Scanned: 5406.xlsx
[DocHub] Scanned: 5407.xlsx
[DocHub] Scanned: 5408.xlsx
[DocHub] Scanned: 5409.xlsx
[DocHub] Scanned: 5410.xlsx
[DocHub] Scanned: 5411.xlsx
[DocHub] Scanned: 5412.xlsx
[DocHub] Scanned: 5413.xlsx
[DocHub] Scanned: 5414.xlsx
[DocHub] Scanned: 5415.xlsx
[DocHub] Scanned: 5416.xlsx
[DocHub] Scanned: 5417.xlsx
[DocHub] Scanned: 5418.xlsx
[DocHub] Scanned: 5419.xlsx
[DocHub] Scanned: 5420.xlsx
[DocHub] Scanned: 5421.xlsx
[DocHub] Scanned: 5422.xlsx
[DocHub] Scanned: 5423.xlsx
[DocHub] Scanned: 5424.xlsx
[DocHub] Scanned: 5425.xlsx
[DocHub] Scanned: 5426.xlsx
[DocHub] Scanned: 5427.xlsx
[DocHub] Scanned: 5428.xlsx
[DocHub] Scanned: 5429.xlsx
[DocHub] Scanned: 5430.xlsx
[DocHub] Scanned: 5431.xlsx
[DocHub] Scanned: 5432.xlsx
[DocHub] Scanned: 5437.xlsx
[DocHub] Scanned: 5438.xlsx
[DocHub] Scanned: 5439.xlsx
[DocHub] Scanned: 5440.xlsx
[DocHub] Scanned: 5441.xlsx
[DocHub] Scanned: 5442.xlsx
[DocHub] Scanned: 5443.xlsx
[DocHub] Scanned: 5444.xlsx
[DocHub] Scanned: 5445.xlsx
[DocHub] Scanned: 5446.xlsx
[DocHub] Scanned: 5447.xlsx
[DocHub] Scanned: 5448.xlsx
[DocHub] Scanned: 5449.xlsx
[DocHub] Scanned: 5450.xlsx
[DocHub] Scanned: 5451.xlsx
[DocHub] Scanned: 5452.xlsx
[DocHub] Scanned: 5453.xlsx
[DocHub] Scanned: 5454.xlsx
[DocHub] Scanned: 5455.xlsx
[DocHub] Scanned: 5456.xlsx
[DocHub] Scanned: 5457.xlsx
[DocHub] Scanned: 5458.xlsx
[DocHub] Scanned: 5459.xlsx
[DocHub] Scanned: 5460.xlsx
[DocHub] Scanned: 5461.xlsx
[DocHub] Scanned: 5462.xlsx
[DocHub] Scanned: 5463.xlsx
[DocHub] Scanned: 5464.xlsx
[DocHub] Scanned: 5465.xlsx
[DocHub] Scanned: 5466.xlsx
[DocHub] Scanned: 5467.xlsx
[DocHub] Scanned: 5468.xlsx
[DocHub] Scanned: 5469.xlsx
[DocHub] Scanned: 5470.xlsx
[DocHub] Scanned: 5481.xlsx
[DocHub] Scanned: 5482.xlsx
[DocHub] Scanned: 5483.xlsx
[DocHub] Scanned: 5484.xlsx
[DocHub] Scanned: 5486.xlsx
[DocHub] Scanned: 5487.xlsx
[DocHub] Scanned: 5488.xlsx
[DocHub] Scanned: 5489.xlsx
[DocHub] Scanned: 5490.xlsx
[DocHub] Scanned: 5491.xlsx
[DocHub] Scanned: 5492.xlsx
[DocHub] Scanned: 5493.xlsx
[DocHub] Scanned: 5494.xlsx
[DocHub] Scanned: 5495.xlsx
[DocHub] Scanned: 5496.xlsx
[DocHub] Scanned: 5497.xlsx
[DocHub] Scanned: 5498.xlsx
[DocHub] Scanned: 5499.xlsx
[DocHub] Scanned: 5500.xlsx
[DocHub] Scanned: 5501.xlsx
[DocHub] Scanned: 5502.xlsx
[DocHub] Scanned: 5503.xlsx
[DocHub] Scanned: 5504.xlsx
[DocHub] Scanned: 5505.xlsx
[DocHub] Scanned: 5506.xlsx
[DocHub] Scanned: 5507.xlsx
[DocHub] Scanned: 5508.xlsx
[DocHub] Scanned: 5509.xlsx
[DocHub] Scanned: 5510.xlsx
[DocHub] Scanned: 5511.xlsx
[DocHub] Scanned: 5512.xlsx
[DocHub] Scanned: 5513.xlsx
[DocHub] Scanned: 5514.xlsx
[DocHub] Scanned: 5515.xlsx
[DocHub] Scanned: 5516.xlsx
[DocHub] Scanned: 5517.xlsx
[DocHub] Scanned: 5518.xlsx
[DocHub] Scanned: 5519.xlsx
[DocHub] Scanned: 5520.xlsx
[DocHub] Scanned: 5521.xlsx
[DocHub] Scanned: 5522.xlsx
[DocHub] Scanned: 5523.xlsx
[DocHub] Scanned: 5524.xlsx
[DocHub] Scanned: 5525.xlsx
[DocHub] Scanned: 5526.xlsx
[DocHub] Scanned: 5527.xlsx
[DocHub] Scanned: 5528.xlsx
[DocHub] Scanned: 5529.xlsx
[DocHub] Scanned: 5530.xlsx
[DocHub] Scanned: 5531.xlsx
[DocHub] Scanned: 5539.xlsx
[DocHub] Scanned: 5540.xlsx
[DocHub] Scanned: 5541.xlsx
[DocHub] Scanned: 5542.xlsx
[DocHub] Scanned: 5543.xlsx
[DocHub] Scanned: 5544.xlsx
[DocHub] Scanned: 5545.xlsx
[DocHub] Scanned: 5546.xlsx
[DocHub] Scanned: 5547.xlsx
[DocHub] Scanned: 5548.xlsx
[DocHub] Scanned: 5549.xlsx
[DocHub] Scanned: 5550.xlsx
[DocHub] Scanned: 5551.xlsx
[DocHub] Scanned: 5552.xlsx
[DocHub] Scanned: 5553.xlsx
[DocHub] Scanned: 5554.xlsx
[DocHub] Scanned: 5555.xlsx
[DocHub] Scanned: 5556.xlsx
[DocHub] Scanned: 5557.xlsx
[DocHub] Scanned: 5558.xlsx
[DocHub] Scanned: 5559.xlsx
[DocHub] Scanned: 5560.xlsx
[DocHub] Scanned: 5561.xlsx
[DocHub] Scanned: 5562.xlsx
[DocHub] Scanned: 5563.xlsx
[DocHub] Scanned: 5564.xlsx
[DocHub] Scanned: 5565.xlsx
[DocHub] Scanned: 5566.xlsx
[DocHub] Scanned: 5567.xlsx
[DocHub] Scanned: 5568.xlsx
[DocHub] Scanned: 5569.xlsx
[DocHub] Scanned: 5570.xlsx
[DocHub] Scanned: 5572.xlsx
[DocHub] Scanned: 5573.xlsx
[DocHub] Scanned: 5574.xlsx
[DocHub] Scanned: 5575.xlsx
[DocHub] Scanned: 5576.xlsx
[DocHub] Scanned: 5577.xlsx
[DocHub] Scanned: 5578.xlsx
[DocHub] Scanned: 5579.xlsx
[DocHub] Scanned: 5580.xlsx
[DocHub] Scanned: 5581.xlsx
[DocHub] Scanned: 5582.xlsx
[DocHub] Scanned: 5583.xlsx
[DocHub] Scanned: 5584.xlsx
[DocHub] Scanned: 5585.xlsx
[DocHub] Scanned: 5586.xlsx
[DocHub] Scanned: 5587..xlsx
[DocHub] Scanned: 5587.xlsx
[DocHub] Scanned: 5588.xlsx
[DocHub] Scanned: 5589.xlsx
[DocHub] Scanned: 5590.xlsx
[DocHub] Scanned: 5591.xlsx
[DocHub] Scanned: 5592.xlsx
[DocHub] Scanned: 5593.xlsx
[DocHub] Scanned: 5594.xlsx
[DocHub] Scanned: 5595.xlsx
[DocHub] Scanned: 5596.xlsx
[DocHub] Scanned: 5597.xlsx
[DocHub] Scanned: 5598.xlsx
[DocHub] Scanned: 5599.xlsx
[DocHub] Scanned: 5600.xlsx
[DocHub] Scanned: 5640.xlsx
[DocHub] Scanned: 5641.xlsx
[DocHub] Scanned: 5731.xlsx
[DocHub] Scanned: 5732.xlsx
[DocHub] Scanned: 5733.xlsx
[DocHub] Scanned: 5734.xlsx
[DocHub] Scanned: 5735.xlsx
[DocHub] Scanned: 5736.xlsx
[DocHub] Scanned: 5737.xlsx
[DocHub] Scanned: 5738.xlsx
[DocHub] Scanned: 5739.xlsx
[DocHub] Scanned: 5740.xlsx
[DocHub] Scanned: 5741.xlsx
[DocHub] Scanned: 5742.xlsx
[DocHub] Scanned: 5743.xlsx
[DocHub] Scanned: 5744.xlsx
[DocHub] Scanned: 5745.xlsx
[DocHub] Scanned: 5746.xlsx
[DocHub] Scanned: 5747.xlsx
[DocHub] Scanned: 5748.xlsx
[DocHub] Scanned: 5749.xlsx
[DocHub] Scanned: 5750.xlsx
[DocHub] Scanned: 5751.xlsx
[DocHub] Scanned: 5752.xlsx
[DocHub] Scanned: 5753.xlsx
[DocHub] Scanned: 5754.xlsx
[DocHub] Scanned: 5755.xlsx
[DocHub] Scanned: 5756.xlsx
[DocHub] Scanned: 5757.xlsx
[DocHub] Scanned: 5758.xlsx
[DocHub] Scanned: 5759.xlsx
[DocHub] Scanned: 5760.xlsx
[DocHub] Scanned: 5761.xlsx
[DocHub] Scanned: 5762.xlsx
[DocHub] Scanned: 5763.xlsx
[DocHub] Scanned: 5764.xlsx
[DocHub] Scanned: 5765.xlsx
[DocHub] Scanned: 5766.xlsx
[DocHub] Scanned: 5767.xlsx
[DocHub] Scanned: 5768.xlsx
[DocHub] Scanned: 5769.xlsx
[DocHub] Scanned: 5770.xlsx
[DocHub] Scanned: 5771.xlsx
[DocHub] Scanned: 5772.xlsx
[DocHub] Scanned: 5773.xlsx
[DocHub] Scanned: 5774.xlsx
[DocHub] Scanned: 5775.xlsx
[DocHub] Scanned: 5776.xlsx
[DocHub] Scanned: 5777.xlsx
[DocHub] Scanned: 5778.xlsx
[DocHub] Scanned: 5779.xlsx
[DocHub] Scanned: 5780.xlsx
[DocHub] Scanned: 5781.xlsx
[DocHub] Scanned: 5782.xlsx
[DocHub] Scanned: 5783.xlsx
[DocHub] Scanned: 5784.xlsx
[DocHub] Scanned: 5785.xlsx
[DocHub] Scanned: 5786.xlsx
[DocHub] Scanned: 5787.xlsx
[DocHub] Scanned: 5788.xlsx
[DocHub] Scanned: 5789.xlsx
[DocHub] Scanned: 5790.xlsx
[DocHub] Scanned: 5791.xlsx
[DocHub] Scanned: 5792.xlsx
[DocHub] Scanned: 5793.xlsx
[DocHub] Scanned: 5794.xlsx
[DocHub] Scanned: 5795.xlsx
[DocHub] Scanned: 5796.xlsx
[DocHub] Scanned: 5797.xlsx
[DocHub] Scanned: 5798.xlsx
[DocHub] Scanned: 5799.xlsx
[DocHub] Scanned: 5800.xlsx
[DocHub] Scanned: 5801.xlsx
[DocHub] Scanned: 5802.xlsx
[DocHub] Scanned: 5803.xlsx
[DocHub] Scanned: 5804.xlsx
[DocHub] Scanned: 5805.xlsx
[DocHub] Scanned: 5806.xlsx
[DocHub] Scanned: 5807.xlsx
[DocHub] Scanned: 5808.xlsx
[DocHub] Scanned: 5809.xlsx
[DocHub] Scanned: 5810.xlsx
[DocHub] Scanned: 5811.xlsx
[DocHub] Scanned: 安全阀报告模板终.xlsx
[DocHub] Scanned: 0001.xlsx
[DocHub] Scanned: 0002.xlsx
[DocHub] Scanned: 0003.xlsx
[DocHub] Scanned: 0004.xlsx
[DocHub] Scanned: 0005.xlsx
[DocHub] Scanned: 0006.xlsx
[DocHub] Scanned: 0007.xlsx
[DocHub] Scanned: 0008.xlsx
[DocHub] Scanned: 0009.xlsx
[DocHub] Scanned: 0010.xlsx
[DocHub] Scanned: 0071.xlsx
[DocHub] Scanned: 0072.xlsx
[DocHub] Scanned: 0073.xlsx
[DocHub] Scanned: 0074.xlsx
[DocHub] Scanned: 0075.xlsx
[DocHub] Scanned: 0076.xlsx
[DocHub] Scanned: 0077.xlsx
[DocHub] Scanned: 0078..xlsx
[DocHub] Scanned: 0078.xlsx
[DocHub] Scanned: 0079..xlsx
[DocHub] Scanned: 0079.xlsx
[DocHub] Scanned: 0080..xlsx
[DocHub] Scanned: 0080.xlsx
[DocHub] Scanned: 0081..xlsx
[DocHub] Scanned: 0081.xlsx
[DocHub] Scanned: 0082..xlsx
[DocHub] Scanned: 0082.xlsx
[DocHub] Scanned: 0083..xlsx
[DocHub] Scanned: 0083.xlsx
[DocHub] Scanned: 0084..xlsx
[DocHub] Scanned: 0084.xlsx
[DocHub] Scanned: 0085..xlsx
[DocHub] Scanned: 0085.xlsx
[DocHub] Scanned: 0086..xlsx
[DocHub] Scanned: 0086.xlsx
[DocHub] Scanned: 0087..xlsx
[DocHub] Scanned: 0087.xlsx
[DocHub] Scanned: 0088..xlsx
[DocHub] Scanned: 0088.xlsx
[DocHub] Scanned: 0089..xlsx
[DocHub] Scanned: 0089.xlsx
[DocHub] Scanned: 0090..xlsx
[DocHub] Scanned: 0090.xlsx
[DocHub] Scanned: 0091..xlsx
[DocHub] Scanned: 0091.xlsx
[DocHub] Scanned: 0092..xlsx
[DocHub] Scanned: 0092.xlsx
[DocHub] Scanned: 0093..xlsx
[DocHub] Scanned: 0093.xlsx
[DocHub] Scanned: 0094..xlsx
[DocHub] Scanned: 0094.xlsx
[DocHub] Scanned: 0095..xlsx
[DocHub] Scanned: 0095.xlsx
[DocHub] Scanned: 0096..xlsx
[DocHub] Scanned: 0096.xlsx
[DocHub] Scanned: 0097..xlsx
[DocHub] Scanned: 0097.xlsx
[DocHub] Scanned: 0098..xlsx
[DocHub] Scanned: 0098.xlsx
[DocHub] Scanned: 0099..xlsx
[DocHub] Scanned: 0099.xlsx
[DocHub] Scanned: 0100..xlsx
[DocHub] Scanned: 0100.xlsx
[DocHub] Scanned: 0101..xlsx
[DocHub] Scanned: 0101.xlsx
[DocHub] Scanned: 0102..xlsx
[DocHub] Scanned: 0102.xlsx
[DocHub] Scanned: 0103..xlsx
[DocHub] Scanned: 0103.xlsx
[DocHub] Scanned: 0104..xlsx
[DocHub] Scanned: 0104.xlsx
[DocHub] Scanned: 0105.xlsx
[DocHub] Scanned: 0106.xlsx
[DocHub] Scanned: 0107.xlsx
[DocHub] Scanned: 0108.xlsx
[DocHub] Scanned: 0109.xlsx
[DocHub] Scanned: 0110.xlsx
[DocHub] Scanned: 0111.xlsx
[DocHub] Scanned: 0112.xlsx
[DocHub] Scanned: 0113.xlsx
[DocHub] Scanned: 0114.xlsx
[DocHub] Scanned: 0115.xlsx
[DocHub] Scanned: 0116.xlsx
[DocHub] Scanned: 0117.xlsx
[DocHub] Scanned: 0118.xlsx
[DocHub] Scanned: 0119.xlsx
[DocHub] Scanned: 0120.xlsx
[DocHub] Scanned: 0122.xlsx
[DocHub] Scanned: 0123.xlsx
[DocHub] Scanned: 0124.xlsx
[DocHub] Scanned: 0125.xlsx
[DocHub] Scanned: 0126.xlsx
[DocHub] Scanned: 0127.xlsx
[DocHub] Scanned: 0128.xlsx
[DocHub] Scanned: 0129.xlsx
[DocHub] Scanned: 0130.xlsx
[DocHub] Scanned: 0131.xlsx
[DocHub] Scanned: 0132.xlsx
[DocHub] Scanned: 0133.xlsx
[DocHub] Scanned: 0134.xlsx
[DocHub] Scanned: 0135.xlsx
[DocHub] Scanned: 0136.xlsx
[DocHub] Scanned: 0137.xlsx
[DocHub] Scanned: 0138.xlsx
[DocHub] Scanned: 0139.xlsx
[DocHub] Scanned: 0140.xlsx
[DocHub] Scanned: 0141.xlsx
[DocHub] Scanned: 0142.xlsx
[DocHub] Scanned: 0143.xlsx
[DocHub] Scanned: 0144.xlsx
[DocHub] Scanned: 0145.xlsx
[DocHub] Scanned: 0146.xlsx
[DocHub] Scanned: 0147.xlsx
[DocHub] Scanned: 0148.xlsx
[DocHub] Scanned: 0149.xlsx
[DocHub] Scanned: 0150.xlsx
[DocHub] Scanned: 0151.xlsx
[DocHub] Scanned: 0152.xlsx
[DocHub] Scanned: 0153.xlsx
[DocHub] Scanned: 0154.xlsx
[DocHub] Scanned: 0155.xlsx
[DocHub] Scanned: 0156.xlsx
[DocHub] Scanned: 0157.xlsx
[DocHub] Scanned: 0158.xlsx
[DocHub] Scanned: 0159.xlsx
[DocHub] Scanned: 0160.xlsx
[DocHub] Scanned: 0161.xlsx
[DocHub] Scanned: 0162.xlsx
[DocHub] Scanned: 0163.xlsx
[DocHub] Scanned: 0164.xlsx
[DocHub] Scanned: 0165.xlsx
[DocHub] Scanned: 0166.xlsx
[DocHub] Scanned: 0167.xlsx
[DocHub] Scanned: 0168.xlsx
[DocHub] Scanned: 0169.xlsx
[DocHub] Scanned: 0170.xlsx
[DocHub] Scanned: 0171.xlsx
[DocHub] Scanned: 0172.xlsx
[DocHub] Scanned: 0173.xlsx
[DocHub] Scanned: 0174.xlsx
[DocHub] Scanned: 0175.xlsx
[DocHub] Scanned: 0176.xlsx
[DocHub] Scanned: 0177.xlsx
[DocHub] Scanned: 0178.xlsx
[DocHub] Scanned: 0179.xlsx
[DocHub] Scanned: 0180.xlsx
[DocHub] Scanned: 0181.xlsx
[DocHub] Scanned: 0182.xlsx
[DocHub] Scanned: 0183.xlsx
[DocHub] Scanned: 0184.xlsx
[DocHub] Scanned: 0185.xlsx
[DocHub] Scanned: 0186.xlsx
[DocHub] Scanned: 0187.xlsx
[DocHub] Scanned: 0188.xlsx
[DocHub] Scanned: 0189.xlsx
[DocHub] Scanned: 0190.xlsx
[DocHub] Scanned: 0191.xlsx
[DocHub] Scanned: 0192.xlsx
[DocHub] Scanned: 0193.xlsx
[DocHub] Scanned: 0194.xlsx
[DocHub] Scanned: 0195.xlsx
[DocHub] Scanned: 0196.xlsx
[DocHub] Scanned: 0197.xlsx
[DocHub] Scanned: 0198.xlsx
[DocHub] Scanned: 0199.xlsx
[DocHub] Scanned: 0200.xlsx
[DocHub] Scanned: 0201.xlsx
[DocHub] Scanned: 0202.xlsx
[DocHub] Scanned: 0203.xlsx
[DocHub] Scanned: 0204.xlsx
[DocHub] Scanned: 0205.xlsx
[DocHub] Scanned: 0206.xlsx
[DocHub] Scanned: 0207.xlsx
[DocHub] Scanned: 0208.xlsx
[DocHub] Scanned: 0209.xlsx
[DocHub] Scanned: 0210.xlsx
[DocHub] Scanned: 0211.xlsx
[DocHub] Scanned: 0212.xlsx
[DocHub] Scanned: 0213.xlsx
[DocHub] Scanned: 0214.xlsx
[DocHub] Scanned: 0215.xlsx
[DocHub] Scanned: 0216.xlsx
[DocHub] Scanned: 0217.xlsx
[DocHub] Scanned: 0218.xlsx
[DocHub] Scanned: 0219.xlsx
[DocHub] Scanned: 0220.xlsx
[DocHub] Scanned: 0221.xlsx
[DocHub] Scanned: 0222.xlsx
[DocHub] Scanned: 0223.xlsx
[DocHub] Scanned: 0224.xlsx
[DocHub] Scanned: 0225.xlsx
[DocHub] Scanned: 0226.xlsx
[DocHub] Scanned: 0227.xlsx
[DocHub] Scanned: 0228.xlsx
[DocHub] Scanned: 0229.xlsx
[DocHub] Scanned: 0230.xlsx
[DocHub] Scanned: 0231.xlsx
[DocHub] Scanned: 0232.xlsx
[DocHub] Scanned: 0233.xlsx
[DocHub] Scanned: 0234.xlsx
[DocHub] Scanned: 0235.xlsx
[DocHub] Scanned: 0236.xlsx
[DocHub] Scanned: 0237.xlsx
[DocHub] Scanned: 0238.xlsx
[DocHub] Scanned: 0239.xlsx
[DocHub] Scanned: 0240.xlsx
[DocHub] Scanned: 0241.xlsx
[DocHub] Scanned: 0242.xlsx
[DocHub] Scanned: 0243.xlsx
[DocHub] Scanned: 0244.xlsx
[DocHub] Scanned: 0245.xlsx
[DocHub] Scanned: 0246.xlsx
[DocHub] Scanned: 0247.xlsx
[DocHub] Scanned: 0248.xlsx
[DocHub] Scanned: 0249.xlsx
[DocHub] Scanned: 0250.xlsx
[DocHub] Scanned: 0251.xlsx
[DocHub] Scanned: 0252.xlsx
[DocHub] Scanned: 0253.xlsx
[DocHub] Scanned: 0254.xlsx
[DocHub] Scanned: 0255.xlsx
[DocHub] Scanned: 0256.xlsx
[DocHub] Scanned: 0257.xlsx
[DocHub] Scanned: 0258.xlsx
[DocHub] Scanned: 0259.xlsx
[DocHub] Scanned: 0260.xlsx
[DocHub] Scanned: 0261.xlsx
[DocHub] Scanned: 0262.xlsx
[DocHub] Scanned: 0263.xlsx
[DocHub] Scanned: 0264.xlsx
[DocHub] Scanned: 0265.xlsx
[DocHub] Scanned: 0266.xlsx
[DocHub] Scanned: 0267.xlsx
[DocHub] Scanned: 0268.xlsx
[DocHub] Scanned: 0269.xlsx
[DocHub] Scanned: 0270.xlsx
[DocHub] Scanned: 0271.xlsx
[DocHub] Scanned: 0272.xlsx
[DocHub] Scanned: 0273.xlsx
[DocHub] Scanned: 0274.xlsx
[DocHub] Scanned: 0275.xlsx
[DocHub] Scanned: 0276.xlsx
[DocHub] Scanned: 0277.xlsx
[DocHub] Scanned: 0278.xlsx
[DocHub] Scanned: 0279.xlsx
[DocHub] Scanned: 0280.xlsx
[DocHub] Scanned: 0281.xlsx
[DocHub] Scanned: 0282.xlsx
[DocHub] Scanned: 0283.xlsx
[DocHub] Scanned: 0284.xlsx
[DocHub] Scanned: 0285.xlsx
[DocHub] Scanned: 0286.xlsx
[DocHub] Scanned: 0287.xlsx
[DocHub] Scanned: 0288.xlsx
[DocHub] Scanned: 0289.xlsx
[DocHub] Scanned: 0290.xlsx
[DocHub] Scanned: 0291.xlsx
[DocHub] Scanned: 0292.xlsx
[DocHub] Scanned: 0293.xlsx
[DocHub] Scanned: 0294.xlsx
[DocHub] Scanned: 0295.xlsx
[DocHub] Scanned: 0296.xlsx
[DocHub] Scanned: 0297.xlsx
[DocHub] Scanned: 0298.xlsx
[DocHub] Scanned: 0299.xlsx
[DocHub] Scanned: 0300.xlsx
[DocHub] Scanned: 0301.xlsx
[DocHub] Scanned: 0302.xlsx
[DocHub] Scanned: 0303.xlsx
[DocHub] Scanned: 0304.xlsx
[DocHub] Scanned: 0305.xlsx
[DocHub] Scanned: 0306.xlsx
[DocHub] Scanned: 0307.xlsx
[DocHub] Scanned: 0308.xlsx
[DocHub] Scanned: 0309.xlsx
[DocHub] Scanned: 0310.xlsx
[DocHub] Scanned: 0311.xlsx
[DocHub] Scanned: 0312.xlsx
[DocHub] Scanned: 0313.xlsx
[DocHub] Scanned: 0314.xlsx
[DocHub] Scanned: 0315.xlsx
[DocHub] Scanned: 0316.xlsx
[DocHub] Scanned: 0317.xlsx
[DocHub] Scanned: 0318.xlsx
[DocHub] Scanned: 0319.xlsx
[DocHub] Scanned: 0320.xlsx
[DocHub] Scanned: 0321.xlsx
[DocHub] Scanned: 0322.xlsx
[DocHub] Scanned: 0323.xlsx
[DocHub] Scanned: 0324.xlsx
[DocHub] Scanned: 0325.xlsx
[DocHub] Scanned: 0326.xlsx
[DocHub] Scanned: 0327.xlsx
[DocHub] Scanned: 0328.xlsx
[DocHub] Scanned: 0329.xlsx
[DocHub] Scanned: 0330.xlsx
[DocHub] Scanned: 0331.xlsx
[DocHub] Scanned: 0332.xlsx
[DocHub] Scanned: 0333.xlsx
[DocHub] Scanned: 0334.xlsx
[DocHub] Scanned: 0335.xlsx
[DocHub] Scanned: 0336.xlsx
[DocHub] Scanned: 0337.xlsx
[DocHub] Scanned: 0338.xlsx
[DocHub] Scanned: 0339.xlsx
[DocHub] Scanned: 0340.xlsx
[DocHub] Scanned: 0341.xlsx
[DocHub] Scanned: 0342.xlsx
[DocHub] Scanned: 0343.xlsx
[DocHub] Scanned: 0344.xlsx
[DocHub] Scanned: 0345.xlsx
[DocHub] Scanned: 0346.xlsx
[DocHub] Scanned: 0347.xlsx
[DocHub] Scanned: 0348.xlsx
[DocHub] Scanned: 0349.xlsx
[DocHub] Scanned: 0350.xlsx
[DocHub] Scanned: 0351.xlsx
[DocHub] Scanned: 0352.xlsx
[DocHub] Scanned: 0353.xlsx
[DocHub] Scanned: 0354.xlsx
[DocHub] Scanned: 0355.xlsx
[DocHub] Scanned: 0356.xlsx
[DocHub] Scanned: 0357.xlsx
[DocHub] Scanned: 0358.xlsx
[DocHub] Scanned: 0359.xlsx
[DocHub] Scanned: 0360.xlsx
[DocHub] Scanned: 0361.xlsx
[DocHub] Scanned: 0362.xlsx
[DocHub] Scanned: 0363.xlsx
[DocHub] Scanned: 0364.xlsx
[DocHub] Scanned: 0365.xlsx
[DocHub] Scanned: 0366.xlsx
[DocHub] Scanned: 0367.xlsx
[DocHub] Scanned: 0368.xlsx
[DocHub] Scanned: 0369.xlsx
[DocHub] Scanned: 0370.xlsx
[DocHub] Scanned: 0371.xlsx
[DocHub] Scanned: 0372.xlsx
[DocHub] Scanned: 0373.xlsx
[DocHub] Scanned: 0374.xlsx
[DocHub] Scanned: 0375.xlsx
[DocHub] Scanned: 0376.xlsx
[DocHub] Scanned: 0377.xlsx
[DocHub] Scanned: 0378.xlsx
[DocHub] Scanned: 0379.xlsx
[DocHub] Scanned: 0380.xlsx
[DocHub] Scanned: 0381.xlsx
[DocHub] Scanned: 0382.xlsx
[DocHub] Scanned: 0383.xlsx
[DocHub] Scanned: 0384.xlsx
[DocHub] Scanned: 0385.xlsx
[DocHub] Scanned: 0386.xlsx
[DocHub] Scanned: 0387.xlsx
[DocHub] Scanned: 0388.xlsx
[DocHub] Scanned: 0389.xlsx
[DocHub] Scanned: 0390.xlsx
[DocHub] Scanned: 0391.xlsx
[DocHub] Scanned: 0392.xlsx
[DocHub] Scanned: 0393.xlsx
[DocHub] Scanned: 0394.xlsx
[DocHub] Scanned: 0395.xlsx
[DocHub] Scanned: 0396.xlsx
[DocHub] Scanned: 0397.xlsx
[DocHub] Scanned: 0398.xlsx
[DocHub] Scanned: 0399.xlsx
[DocHub] Scanned: 0400.xlsx
[DocHub] Scanned: 0401.xlsx
[DocHub] Scanned: 0402.xlsx
[DocHub] Scanned: 0403.xlsx
[DocHub] Scanned: 0404.xlsx
[DocHub] Scanned: 0406.xlsx
[DocHub] Scanned: 0407.xlsx
[DocHub] Scanned: 0408.xlsx
[DocHub] Scanned: 0409.xlsx
[DocHub] Scanned: 0410.xlsx
[DocHub] Scanned: 0411.xlsx
[DocHub] Scanned: 0412.xlsx
[DocHub] Scanned: 0413.xlsx
[DocHub] Scanned: 0414.xlsx
[DocHub] Scanned: 0415.xlsx
[DocHub] Scanned: 0416.xlsx
[DocHub] Scanned: 0417.xlsx
[DocHub] Scanned: 0418.xlsx
[DocHub] Scanned: 0419.xlsx
[DocHub] Scanned: 0420.xlsx
[DocHub] Scanned: 0421.xlsx
[DocHub] Scanned: 0422.xlsx
[DocHub] Scanned: 0423.xlsx
[DocHub] Scanned: 0424.xlsx
[DocHub] Scanned: 0425.xlsx
[DocHub] Scanned: 0426.xlsx
[DocHub] Scanned: 0427.xlsx
[DocHub] Scanned: 0428.xlsx
[DocHub] Scanned: 0429.xlsx
[DocHub] Scanned: 0430.xlsx
[DocHub] Scanned: 0431.xlsx
[DocHub] Scanned: 0432.xlsx
[DocHub] Scanned: 0433.xlsx
[DocHub] Scanned: 0434.xlsx
[DocHub] Scanned: 0435.xlsx
[DocHub] Scanned: 0436.xlsx
[DocHub] Scanned: 安全阀报告模板终.xlsx
[DocHub] Scanned: 0437.xlsx
[DocHub] Scanned: 0438.xlsx
[DocHub] Scanned: 0439.xlsx
[DocHub] Scanned: 0440.xlsx
[DocHub] Scanned: 0441.xlsx
[DocHub] Scanned: 0442.xlsx
[DocHub] Scanned: 0443.xlsx
[DocHub] Scanned: 0444.xlsx
[DocHub] Scanned: 0445.xlsx
[DocHub] Scanned: 0446.xlsx
[DocHub] Scanned: 0447.xlsx
[DocHub] Scanned: 0448.xlsx
[DocHub] Scanned: 0449.xlsx
[DocHub] Scanned: 0450.xlsx
[DocHub] Scanned: 0451.xlsx
[DocHub] Scanned: 0452.xlsx
[DocHub] Scanned: 0453.xlsx
[DocHub] Scanned: 0454.xlsx
[DocHub] Scanned: 0455.xlsx
[DocHub] Scanned: 0456.xlsx
[DocHub] Scanned: 0457.xlsx
[DocHub] Scanned: 0458.xlsx
[DocHub] Scanned: 0459.xlsx
[DocHub] Scanned: 0460.xlsx
[DocHub] Scanned: 0461.xlsx
[DocHub] Scanned: 0462.xlsx
[DocHub] Scanned: 0463.xlsx
[DocHub] Scanned: 0464.xlsx
[DocHub] Scanned: 0465.xlsx
[DocHub] Scanned: 0466.xlsx
[DocHub] Scanned: 0467.xlsx
[DocHub] Scanned: 0468.xlsx
[DocHub] Scanned: 0469.xlsx
[DocHub] Scanned: 0470.xlsx
[DocHub] Scanned: 0471.xlsx
[DocHub] Scanned: 0472.xlsx
[DocHub] Scanned: 0473.xlsx
[DocHub] Scanned: 0474.xlsx
[DocHub] Scanned: 0475.xlsx
[DocHub] Scanned: 0476.xlsx
[DocHub] Scanned: 0477.xlsx
[DocHub] Scanned: 0478.xlsx
[DocHub] Scanned: 0479.xlsx
[DocHub] Scanned: 0480.xlsx
[DocHub] Scanned: 0481.xlsx
[DocHub] Scanned: 0482.xlsx
[DocHub] Scanned: 0483.xlsx
[DocHub] Scanned: 0484.xlsx
[DocHub] Scanned: 0485.xlsx
[DocHub] Scanned: 0486.xlsx
[DocHub] Scanned: 0487.xlsx
[DocHub] Scanned: 0488.xlsx
[DocHub] Scanned: 0489.xlsx
[DocHub] Scanned: 0490.xlsx
[DocHub] Scanned: 0491.xlsx
[DocHub] Scanned: 0492.xlsx
[DocHub] Scanned: 0493.xlsx
[DocHub] Scanned: 0494.xlsx
[DocHub] Scanned: 0495.xlsx
[DocHub] Scanned: 0496.xlsx
[DocHub] Scanned: 0497.xlsx
[DocHub] Scanned: 0498.xlsx
[DocHub] Scanned: 0499.xlsx
[DocHub] Scanned: 0500.xlsx
[DocHub] Scanned: 0501.xlsx
[DocHub] Scanned: 0502.xlsx
[DocHub] Scanned: 0503.xlsx
[DocHub] Scanned: 0504..xlsx
[DocHub] Scanned: 0504.xlsx
[DocHub] Scanned: 0505..xlsx
[DocHub] Scanned: 0505.xlsx
[DocHub] Scanned: 0506..xlsx
[DocHub] Scanned: 0506.xlsx
[DocHub] Scanned: 0507..xlsx
[DocHub] Scanned: 0507.xlsx
[DocHub] Scanned: 0508.xlsx
[DocHub] Scanned: 0509.xlsx
[DocHub] Scanned: 0510.xlsx
[DocHub] Scanned: 0511.xlsx
[DocHub] Scanned: 0512.xlsx
[DocHub] Scanned: 0513.xlsx
[DocHub] Scanned: 0514.xlsx
[DocHub] Scanned: 0515.xlsx
[DocHub] Scanned: 0516.xlsx
[DocHub] Scanned: 0517.xlsx
[DocHub] Scanned: 0518.xlsx
[DocHub] Scanned: 0519.xlsx
[DocHub] Scanned: 0520.xlsx
[DocHub] Scanned: 0521.xlsx
[DocHub] Scanned: 0522.xlsx
[DocHub] Scanned: 0523.xlsx
[DocHub] Scanned: 0524.xlsx
[DocHub] Scanned: 0525.xlsx
[DocHub] Scanned: 0526.xlsx
[DocHub] Scanned: 0527.xlsx
[DocHub] Scanned: 0528.xlsx
[DocHub] Scanned: 0529.xlsx
[DocHub] Scanned: 0530.xlsx
[DocHub] Scanned: 0531.xlsx
[DocHub] Scanned: 0532.xlsx
[DocHub] Scanned: 0533.xlsx
[DocHub] Scanned: 0534.xlsx
[DocHub] Scanned: 0535.xlsx
[DocHub] Scanned: 0536.xlsx
[DocHub] Scanned: 0537.xlsx
[DocHub] Scanned: 0538.xlsx
[DocHub] Scanned: 0539.xlsx
[DocHub] Scanned: 0540.xlsx
[DocHub] Scanned: 0541.xlsx
[DocHub] Scanned: 0542.xlsx
[DocHub] Scanned: 0543.xlsx
[DocHub] Scanned: 0544.xlsx
[DocHub] Scanned: 0545.xlsx
[DocHub] Scanned: 0546.xlsx
[DocHub] Scanned: 0547.xlsx
[DocHub] Scanned: 0548.xlsx
[DocHub] Scanned: 0549.xlsx
[DocHub] Scanned: 0550.xlsx
[DocHub] Scanned: 0551.xlsx
[DocHub] Scanned: 0552.xlsx
[DocHub] Scanned: 0553.xlsx
[DocHub] Scanned: 0554.xlsx
[DocHub] Scanned: 0555.xlsx
[DocHub] Scanned: 0556.xlsx
[DocHub] Scanned: 0557.xlsx
[DocHub] Scanned: 0558.xlsx
[DocHub] Scanned: 0559.xlsx
[DocHub] Scanned: 0560.xlsx
[DocHub] Scanned: 0561.xlsx
[DocHub] Scanned: 0562.xlsx
[DocHub] Scanned: 0563.xlsx
[DocHub] Scanned: 0564.xlsx
[DocHub] Scanned: 0565.xlsx
[DocHub] Scanned: 0566.xlsx
[DocHub] Scanned: 0567.xlsx
[DocHub] Scanned: 0568.xlsx
[DocHub] Scanned: 0569.xlsx
[DocHub] Scanned: 0570.xlsx
[DocHub] Scanned: 0571.xlsx
[DocHub] Scanned: 0572.xlsx
[DocHub] Scanned: 0573.xlsx
[DocHub] Scanned: 0574.xlsx
[DocHub] Scanned: 0575.xlsx
[DocHub] Scanned: 0576.xlsx
[DocHub] Scanned: 0577.xlsx
[DocHub] Scanned: 0578.xlsx
[DocHub] Scanned: 0579.xlsx
[DocHub] Scanned: 0580.xlsx
[DocHub] Scanned: 0581.xlsx
[DocHub] Scanned: 0582.xlsx
[DocHub] Scanned: 0583.xlsx
[DocHub] Scanned: 0584.xlsx
[DocHub] Scanned: 0585.xlsx
[DocHub] Scanned: 0586.xlsx
[DocHub] Scanned: 0587.xlsx
[DocHub] Scanned: 0588.xlsx
[DocHub] Scanned: 0589.xlsx
[DocHub] Scanned: 0590.xlsx
[DocHub] Scanned: 0591.xlsx
[DocHub] Scanned: 0592.xlsx
[DocHub] Scanned: 0593.xlsx
[DocHub] Scanned: 0594.xlsx
[DocHub] Scanned: 0595.xlsx
[DocHub] Scanned: 0596.xlsx
[DocHub] Scanned: 0597.xlsx
[DocHub] Scanned: 0598.xlsx
[DocHub] Scanned: 0599.xlsx
[DocHub] Scanned: 0600.xlsx
[DocHub] Scanned: 0601.xlsx
[DocHub] Scanned: 0602.xlsx
[DocHub] Scanned: 0603.xlsx
[DocHub] Scanned: 0604.xlsx
[DocHub] Scanned: 0605.xlsx
[DocHub] Scanned: 0606.xlsx
[DocHub] Scanned: 0607.xlsx
[DocHub] Scanned: 0608.xlsx
[DocHub] Scanned: 0609.xlsx
[DocHub] Scanned: 0610.xlsx
[DocHub] Scanned: 0611.xlsx
[DocHub] Scanned: 0612.xlsx
[DocHub] Scanned: 0613.xlsx
[DocHub] Scanned: 0614.xlsx
[DocHub] Scanned: 0615.xlsx
[DocHub] Scanned: 0616.xlsx
[DocHub] Scanned: 0617.xlsx
[DocHub] Scanned: 0618.xlsx
[DocHub] Scanned: 0619.xlsx
[DocHub] Scanned: 0620.xlsx
[DocHub] Scanned: 0621.xlsx
[DocHub] Scanned: 0622.xlsx
[DocHub] Scanned: 0623.xlsx
[DocHub] Scanned: 0624.xlsx
[DocHub] Scanned: 0625.xlsx
[DocHub] Scanned: 0626.xlsx
[DocHub] Scanned: 0627.xlsx
[DocHub] Scanned: 0628.xlsx
[DocHub] Scanned: 0629.xlsx
[DocHub] Scanned: 0630.xlsx
[DocHub] Scanned: 0631.xlsx
[DocHub] Scanned: 0632.xlsx
[DocHub] Scanned: 0633.xlsx
[DocHub] Scanned: 0634.xlsx
[DocHub] Scanned: 0635.xlsx
[DocHub] Scanned: 0636.xlsx
[DocHub] Scanned: 0637.xlsx
[DocHub] Scanned: 0638.xlsx
[DocHub] Scanned: 0639.xlsx
[DocHub] Scanned: 0640.xlsx
[DocHub] Scanned: 0641.xlsx
[DocHub] Scanned: 0642.xlsx
[DocHub] Scanned: 0643.xlsx
[DocHub] Scanned: 0644.xlsx
[DocHub] Scanned: 0645.xlsx
[DocHub] Scanned: 0646.xlsx
[DocHub] Scanned: 0647.xlsx
[DocHub] Scanned: 0648.xlsx
[DocHub] Scanned: 0649.xlsx
[DocHub] Scanned: 0650.xlsx
[DocHub] Scanned: 0651.xlsx
[DocHub] Scanned: 0652.xlsx
[DocHub] Scanned: 0653.xlsx
[DocHub] Scanned: 0654.xlsx
[DocHub] Scanned: 0655.xlsx
[DocHub] Scanned: 0656.xlsx
[DocHub] Scanned: 0657.xlsx
[DocHub] Scanned: 0658.xlsx
[DocHub] Scanned: 0659.xlsx
[DocHub] Scanned: 0660.xlsx
[DocHub] Scanned: 0661.xlsx
[DocHub] Scanned: 0662.xlsx
[DocHub] Scanned: 0663.xlsx
[DocHub] Scanned: 0664.xlsx
[DocHub] Scanned: 0665.xlsx
[DocHub] Scanned: 0666.xlsx
[DocHub] Scanned: 0667.xlsx
[DocHub] Scanned: 0668.xlsx
[DocHub] Scanned: 0669.xlsx
[DocHub] Scanned: 0670.xlsx
[DocHub] Scanned: 0671.xlsx
[DocHub] Scanned: 0672.xlsx
[DocHub] Scanned: 0673.xlsx
[DocHub] Scanned: 0674.xlsx
[DocHub] Scanned: 0675.xlsx
[DocHub] Scanned: 0676.xlsx
[DocHub] Scanned: 0677.xlsx
[DocHub] Scanned: 0678.xlsx
[DocHub] Scanned: 0679.xlsx
[DocHub] Scanned: 0680.xlsx
[DocHub] Scanned: 0681.xlsx
[DocHub] Scanned: 0682.xlsx
[DocHub] Scanned: 0683.xlsx
[DocHub] Scanned: 0684.xlsx
[DocHub] Scanned: 0685.xlsx
[DocHub] Scanned: 0686.xlsx
[DocHub] Scanned: 0687.xlsx
[DocHub] Scanned: 0688.xlsx
[DocHub] Scanned: 0689.xlsx
[DocHub] Scanned: 0690.xlsx
[DocHub] Scanned: 0691.xlsx
[DocHub] Scanned: 0692.xlsx
[DocHub] Scanned: 0693.xlsx
[DocHub] Scanned: 0694.xlsx
[DocHub] Scanned: 0695.xlsx
[DocHub] Scanned: 0696.xlsx
[DocHub] Scanned: 0697.xlsx
[DocHub] Scanned: 0698.xlsx
[DocHub] Scanned: 0699.xlsx
[DocHub] Scanned: 0700.xlsx
[DocHub] Scanned: 0701.xlsx
[DocHub] Scanned: 0702.xlsx
[DocHub] Scanned: 0703.xlsx
[DocHub] Scanned: 0704.xlsx
[DocHub] Scanned: 0705.xlsx
[DocHub] Scanned: 0706.xlsx
[DocHub] Scanned: 0707.xlsx
[DocHub] Scanned: 0708.xlsx
[DocHub] Scanned: 0709.xlsx
[DocHub] Scanned: 0710.xlsx
[DocHub] Scanned: 1286.xlsx
[DocHub] Scanned: 1287.xlsx
[DocHub] Scanned: 安全阀报告模板终.xlsx
[DocHub] Scanned: 0710.xlsx
[DocHub] Scanned: 0711.xlsx
[DocHub] Scanned: 0712.xlsx
[DocHub] Scanned: 0713.xlsx
[DocHub] Scanned: 0714.xlsx
[DocHub] Scanned: 0715.xlsx
[DocHub] Scanned: 0716.xlsx
[DocHub] Scanned: 0717.xlsx
[DocHub] Scanned: 0718.xlsx
[DocHub] Scanned: 0719.xlsx
[DocHub] Scanned: 0720.xlsx
[DocHub] Scanned: 0721.xlsx
[DocHub] Scanned: 0722.xlsx
[DocHub] Scanned: 0723.xlsx
[DocHub] Scanned: 0724.xlsx
[DocHub] Scanned: 0725.xlsx
[DocHub] Scanned: 0726.xlsx
[DocHub] Scanned: 0727.xlsx
[DocHub] Scanned: 0728.xlsx
[DocHub] Scanned: 0729.xlsx
[DocHub] Scanned: 0730.xlsx
[DocHub] Scanned: 0731.xlsx
[DocHub] Scanned: 0732.xlsx
[DocHub] Scanned: 0733.xlsx
[DocHub] Scanned: 0734.xlsx
[DocHub] Scanned: 0735..xlsx
[DocHub] Scanned: 0735.xlsx
[DocHub] Scanned: 0736..xlsx
[DocHub] Scanned: 0736.xlsx
[DocHub] Scanned: 0737..xlsx
[DocHub] Scanned: 0737.xlsx
[DocHub] Scanned: 0738..xlsx
[DocHub] Scanned: 0738.xlsx
[DocHub] Scanned: 0739..xlsx
[DocHub] Scanned: 0739.xlsx
[DocHub] Scanned: 0740.xlsx
[DocHub] Scanned: 0741.xlsx
[DocHub] Scanned: 0742.xlsx
[DocHub] Scanned: 0743.xlsx
[DocHub] Scanned: 0744.xlsx
[DocHub] Scanned: 0745.xlsx
[DocHub] Scanned: 0746.xlsx
[DocHub] Scanned: 0747.xlsx
[DocHub] Scanned: 0748.xlsx
[DocHub] Scanned: 0749.xlsx
[DocHub] Scanned: 0750.xlsx
[DocHub] Scanned: 0751.xlsx
[DocHub] Scanned: 0752.xlsx
[DocHub] Scanned: 0753.xlsx
[DocHub] Scanned: 0754.xlsx
[DocHub] Scanned: 0755.xlsx
[DocHub] Scanned: 0756.xlsx
[DocHub] Scanned: 0757.xlsx
[DocHub] Scanned: 0758.xlsx
[DocHub] Scanned: 0759.xlsx
[DocHub] Scanned: 0760.xlsx
[DocHub] Scanned: 0761.xlsx
[DocHub] Scanned: 0762.xlsx
[DocHub] Scanned: 0763.xlsx
[DocHub] Scanned: 0764.xlsx
[DocHub] Scanned: 0765.xlsx
[DocHub] Scanned: 0766.xlsx
[DocHub] Scanned: 0767.xlsx
[DocHub] Scanned: 0768.xlsx
[DocHub] Scanned: 0769.xlsx
[DocHub] Scanned: 0770.xlsx
[DocHub] Scanned: 0771.xlsx
[DocHub] Scanned: 0772.xlsx
[DocHub] Scanned: 0773.xlsx
[DocHub] Scanned: 0774.xlsx
[DocHub] Scanned: 0775.xlsx
[DocHub] Scanned: 0776.xlsx
[DocHub] Scanned: 0777.xlsx
[DocHub] Scanned: 0778.xlsx
[DocHub] Scanned: 0779.xlsx
[DocHub] Scanned: 0780.xlsx
[DocHub] Scanned: 0781.xlsx
[DocHub] Scanned: 0782.xlsx
[DocHub] Scanned: 0783.xlsx
[DocHub] Scanned: 0784.xlsx
[DocHub] Scanned: 0785.xlsx
[DocHub] Scanned: 0787.xlsx
[DocHub] Scanned: 0788.xlsx
[DocHub] Scanned: 0789.xlsx
[DocHub] Scanned: 0790.xlsx
[DocHub] Scanned: 0791.xlsx
[DocHub] Scanned: 0792.xlsx
[DocHub] Scanned: 0793.xlsx
[DocHub] Scanned: 0794.xlsx
[DocHub] Scanned: 0795.xlsx
[DocHub] Scanned: 0796.xlsx
[DocHub] Scanned: 0797.xlsx
[DocHub] Scanned: 0798.xlsx
[DocHub] Scanned: 0799.xlsx
[DocHub] Scanned: 0800.xlsx
[DocHub] Scanned: 0801.xlsx
[DocHub] Scanned: 0802.xlsx
[DocHub] Scanned: 0803.xlsx
[DocHub] Scanned: 0804.xlsx
[DocHub] Scanned: 0805.xlsx
[DocHub] Scanned: 0806.xlsx
[DocHub] Scanned: 0807.xlsx
[DocHub] Scanned: 0808.xlsx
[DocHub] Scanned: 0809.xlsx
[DocHub] Scanned: 0810.xlsx
[DocHub] Scanned: 0811.xlsx
[DocHub] Scanned: 0812.xlsx
[DocHub] Scanned: 0813.xlsx
[DocHub] Scanned: 0814.xlsx
[DocHub] Scanned: 0815.xlsx
[DocHub] Scanned: 0816.xlsx
[DocHub] Scanned: 0817.xlsx
[DocHub] Scanned: 0818.xlsx
[DocHub] Scanned: 0819.xlsx
[DocHub] Scanned: 0820.xlsx
[DocHub] Scanned: 0821.xlsx
[DocHub] Scanned: 0822.xlsx
[DocHub] Scanned: 0823.xlsx
[DocHub] Scanned: 0824.xlsx
[DocHub] Scanned: 0825.xlsx
[DocHub] Scanned: 0826.xlsx
[DocHub] Scanned: 0827.xlsx
[DocHub] Scanned: 0828.xlsx
[DocHub] Scanned: 0829.xlsx
[DocHub] Scanned: 0830.xlsx
[DocHub] Scanned: 0831.xlsx
[DocHub] Scanned: 0832.xlsx
[DocHub] Scanned: 0833.xlsx
[DocHub] Scanned: 0834.xlsx
[DocHub] Scanned: 0835.xlsx
[DocHub] Scanned: 0836.xlsx
[DocHub] Scanned: 0837.xlsx
[DocHub] Scanned: 0838.xlsx
[DocHub] Scanned: 0839.xlsx
[DocHub] Scanned: 0840.xlsx
[DocHub] Scanned: 0841.xlsx
[DocHub] Scanned: 0842.xlsx
[DocHub] Scanned: 0843.xlsx
[DocHub] Scanned: 0844.xlsx
[DocHub] Scanned: 0845.xlsx
[DocHub] Scanned: 0846.xlsx
[DocHub] Scanned: 0847.xlsx
[DocHub] Scanned: 0848.xlsx
[DocHub] Scanned: 0849.xlsx
[DocHub] Scanned: 0850.xlsx
[DocHub] Scanned: 0851.xlsx
[DocHub] Scanned: 0852.xlsx
[DocHub] Scanned: 0853.xlsx
[DocHub] Scanned: 0854.xlsx
[DocHub] Scanned: 0855.xlsx
[DocHub] Scanned: 0856.xlsx
[DocHub] Scanned: 0857.xlsx
[DocHub] Scanned: 0858.xlsx
[DocHub] Scanned: 0859.xlsx
[DocHub] Scanned: 0860.xlsx
[DocHub] Scanned: 0861.xlsx
[DocHub] Scanned: 0862.xlsx
[DocHub] Scanned: 0863.xlsx
[DocHub] Scanned: 0864.xlsx
[DocHub] Scanned: 0865.xlsx
[DocHub] Scanned: 0866.xlsx
[DocHub] Scanned: 0867.xlsx
[DocHub] Scanned: 0868.xlsx
[DocHub] Scanned: 0869.xlsx
[DocHub] Scanned: 0870.xlsx
[DocHub] Scanned: 0871.xlsx
[DocHub] Scanned: 0872.xlsx
[DocHub] Scanned: 0873.xlsx
[DocHub] Scanned: 0874.xlsx
[DocHub] Scanned: 0875.xlsx
[DocHub] Scanned: 0876.xlsx
[DocHub] Scanned: 0878..xlsx
[DocHub] Scanned: 0878.xlsx
[DocHub] Scanned: 0879.xlsx
[DocHub] Scanned: 0880.xlsx
[DocHub] Scanned: 0881.xlsx
[DocHub] Scanned: 0882.xlsx
[DocHub] Scanned: 0883.xlsx
[DocHub] Scanned: 0884.xlsx
[DocHub] Scanned: 0885.xlsx
[DocHub] Scanned: 0886.xlsx
[DocHub] Scanned: 0887.xlsx
[DocHub] Scanned: 0888.xlsx
[DocHub] Scanned: 0889.xlsx
[DocHub] Scanned: 0890.xlsx
[DocHub] Scanned: 0891.xlsx
[DocHub] Scanned: 0892.xlsx
[DocHub] Scanned: 0893.xlsx
[DocHub] Scanned: 0894.xlsx
[DocHub] Scanned: 0895.xlsx
[DocHub] Scanned: 0896.xlsx
[DocHub] Scanned: 0897.xlsx
[DocHub] Scanned: 0898.xlsx
[DocHub] Scanned: 0899.xlsx
[DocHub] Scanned: 0900.xlsx
[DocHub] Scanned: 0901.xlsx
[DocHub] Scanned: 0902.xlsx
[DocHub] Scanned: 0903.xlsx
[DocHub] Scanned: 0904.xlsx
[DocHub] Scanned: 0905.xlsx
[DocHub] Scanned: 0906.xlsx
[DocHub] Scanned: 0907.xlsx
[DocHub] Scanned: 0908.xlsx
[DocHub] Scanned: 0909.xlsx
[DocHub] Scanned: 0910.xlsx
[DocHub] Scanned: 0911.xlsx
[DocHub] Scanned: 0912.xlsx
[DocHub] Scanned: 0913.xlsx
[DocHub] Scanned: 0914.xlsx
[DocHub] Scanned: 0915.xlsx
[DocHub] Scanned: 0916.xlsx
[DocHub] Scanned: 0917.xlsx
[DocHub] Scanned: 0918.xlsx
[DocHub] Scanned: 0919.xlsx
[DocHub] Scanned: 0920.xlsx
[DocHub] Scanned: 0921.xlsx
[DocHub] Scanned: 0922.xlsx
[DocHub] Scanned: 0923.xlsx
[DocHub] Scanned: 0924.xlsx
[DocHub] Scanned: 0925.xlsx
[DocHub] Scanned: 0926.xlsx
[DocHub] Scanned: 0927.xlsx
[DocHub] Scanned: 0928.xlsx
[DocHub] Scanned: 0929.xlsx
[DocHub] Scanned: 0930.xlsx
[DocHub] Scanned: 0931.xlsx
[DocHub] Scanned: 0932.xlsx
[DocHub] Scanned: 0933.xlsx
[DocHub] Scanned: 0934.xlsx
[DocHub] Scanned: 0935.xlsx
[DocHub] Scanned: 0936.xlsx
[DocHub] Scanned: 0937.xlsx
[DocHub] Scanned: 0938.xlsx
[DocHub] Scanned: 0939.xlsx
[DocHub] Scanned: 0940.xlsx
[DocHub] Scanned: 0941.xlsx
[DocHub] Scanned: 0942.xlsx
[DocHub] Scanned: 0943.xlsx
[DocHub] Scanned: 0944.xlsx
[DocHub] Scanned: 0945.xlsx
[DocHub] Scanned: 0946.xlsx
[DocHub] Scanned: 0947.xlsx
[DocHub] Scanned: 0948.xlsx
[DocHub] Scanned: 0949.xlsx
[DocHub] Scanned: 0950.xlsx
[DocHub] Scanned: 0951.xlsx
[DocHub] Scanned: 0952.xlsx
[DocHub] Scanned: 0953.xlsx
[DocHub] Scanned: 0954.xlsx
[DocHub] Scanned: 0955.xlsx
[DocHub] Scanned: 0956.xlsx
[DocHub] Scanned: 0957.xlsx
[DocHub] Scanned: 0958.xlsx
[DocHub] Scanned: 0959.xlsx
[DocHub] Scanned: 0960.xlsx
[DocHub] Scanned: 0961.xlsx
[DocHub] Scanned: 0962.xlsx
[DocHub] Scanned: 0963.xlsx
[DocHub] Scanned: 0964.xlsx
[DocHub] Scanned: 0965.xlsx
[DocHub] Scanned: 0966.xlsx
[DocHub] Scanned: 0967.xlsx
[DocHub] Scanned: 0968.xlsx
[DocHub] Scanned: 0969.xlsx
[DocHub] Scanned: 0970.xlsx
[DocHub] Scanned: 0971.xlsx
[DocHub] Scanned: 0972.xlsx
[DocHub] Scanned: 0973.xlsx
[DocHub] Scanned: 0974.xlsx
[DocHub] Scanned: 0975.xlsx
[DocHub] Scanned: 0976.xlsx
[DocHub] Scanned: 0977.xlsx
[DocHub] Scanned: 0978.xlsx
[DocHub] Scanned: 0979.xlsx
[DocHub] Scanned: 0980..xlsx
[DocHub] Scanned: 0980.xlsx
[DocHub] Scanned: 0981.xlsx
[DocHub] Scanned: 0982.xlsx
[DocHub] Scanned: 0983+.xlsx
[DocHub] Scanned: 0983.xlsx
[DocHub] Scanned: 0984.xlsx
[DocHub] Scanned: 0985.xlsx
[DocHub] Scanned: 0986.xlsx
[DocHub] Scanned: 0987.xlsx
[DocHub] Scanned: 0988.xlsx
[DocHub] Scanned: 0989.xlsx
[DocHub] Scanned: 0990.xlsx
[DocHub] Scanned: 0991.xlsx
[DocHub] Scanned: 0992.xlsx
[DocHub] Scanned: 0993.xlsx
[DocHub] Scanned: 0994.xlsx
[DocHub] Scanned: 0995.xlsx
[DocHub] Scanned: 0996.xlsx
[DocHub] Scanned: 0997.xlsx
[DocHub] Scanned: 0998.xlsx
[DocHub] Scanned: 0999.xlsx
[DocHub] Scanned: 1000.xlsx
[DocHub] Scanned: 1001.xlsx
[DocHub] Scanned: 1002.xlsx
[DocHub] Scanned: 1003.xlsx
[DocHub] Scanned: 1004.xlsx
[DocHub] Scanned: 1005.xlsx
[DocHub] Scanned: 1006.xlsx
[DocHub] Scanned: 1007.xlsx
[DocHub] Scanned: 1008.xlsx
[DocHub] Scanned: 1009.xlsx
[DocHub] Scanned: 1010.xlsx
[DocHub] Scanned: 1011.xlsx
[DocHub] Scanned: 1012.xlsx
[DocHub] Scanned: 1013.xlsx
[DocHub] Scanned: 1014.xlsx
[DocHub] Scanned: 1015.xlsx
[DocHub] Scanned: 1016.xlsx
[DocHub] Scanned: 1017.xlsx
[DocHub] Scanned: 1018.xlsx
[DocHub] Scanned: 1019.xlsx
[DocHub] Scanned: 1020.xlsx
[DocHub] Scanned: 1021.xlsx
[DocHub] Scanned: 1022.xlsx
[DocHub] Scanned: 1023.xlsx
[DocHub] Scanned: 1024.xlsx
[DocHub] Scanned: 1025.xlsx
[DocHub] Scanned: 1026.xlsx
[DocHub] Scanned: 1027.xlsx
[DocHub] Scanned: 1028.xlsx
[DocHub] Scanned: 1029.xlsx
[DocHub] Scanned: 1030.xlsx
[DocHub] Scanned: 1031.xlsx
[DocHub] Scanned: 1032.xlsx
[DocHub] Scanned: 1033.xlsx
[DocHub] Scanned: 1034.xlsx
[DocHub] Scanned: 1035.xlsx
[DocHub] Scanned: 1036.xlsx
[DocHub] Scanned: 1037.xlsx
[DocHub] Scanned: 1038.xlsx
[DocHub] Scanned: 1039.xlsx
[DocHub] Scanned: 1040.xlsx
[DocHub] Scanned: 1041.xlsx
[DocHub] Scanned: 1042.xlsx
[DocHub] Scanned: 1043.xlsx
[DocHub] Scanned: 1044.xlsx
[DocHub] Scanned: 1045.xlsx
[DocHub] Scanned: 1046.xlsx
[DocHub] Scanned: 1047.xlsx
[DocHub] Scanned: 1048.xlsx
[DocHub] Scanned: 1049.xlsx
[DocHub] Scanned: 1050.xlsx
[DocHub] Scanned: 1051.xlsx
[DocHub] Scanned: 1052.xlsx
[DocHub] Scanned: 1053.xlsx
[DocHub] Scanned: 1054.xlsx
[DocHub] Scanned: 1055.xlsx
[DocHub] Scanned: 1056.xlsx
[DocHub] Scanned: 1057.xlsx
[DocHub] Scanned: 1058.xlsx
[DocHub] Scanned: 1059.xlsx
[DocHub] Scanned: 1060.xlsx
[DocHub] Scanned: 1061.xlsx
[DocHub] Scanned: 1062.xlsx
[DocHub] Scanned: 1063.xlsx
[DocHub] Scanned: 1064.xlsx
[DocHub] Scanned: 1065.xlsx
[DocHub] Scanned: 1066.xlsx
[DocHub] Scanned: 1067.xlsx
[DocHub] Scanned: 1068.xlsx
[DocHub] Scanned: 1069.xlsx
[DocHub] Scanned: 1070.xlsx
[DocHub] Scanned: 1071.xlsx
[DocHub] Scanned: 1072.xlsx
[DocHub] Scanned: 1073.xlsx
[DocHub] Scanned: 1074.xlsx
[DocHub] Scanned: 1075.xlsx
[DocHub] Scanned: 1076.xlsx
[DocHub] Scanned: 1077.xlsx
[DocHub] Scanned: 1078.xlsx
[DocHub] Scanned: 1079.xlsx
[DocHub] Scanned: 1080.xlsx
[DocHub] Scanned: 1081.xlsx
[DocHub] Scanned: 1082.xlsx
[DocHub] Scanned: 1083.xlsx
[DocHub] Scanned: 1084.xlsx
[DocHub] Scanned: 1085.xlsx
[DocHub] Scanned: 1086.xlsx
[DocHub] Scanned: 1087.xlsx
[DocHub] Scanned: 1088.xlsx
[DocHub] Scanned: 1089.xlsx
[DocHub] Scanned: 1090.xlsx
[DocHub] Scanned: 1091.xlsx
[DocHub] Scanned: 1092.xlsx
[DocHub] Scanned: 1093.xlsx
[DocHub] Scanned: 1094.xlsx
[DocHub] Scanned: 1095.xlsx
[DocHub] Scanned: 1096.xlsx
[DocHub] Scanned: 1097.xlsx
[DocHub] Scanned: 1098.xlsx
[DocHub] Scanned: 1099.xlsx
[DocHub] Scanned: 1100.xlsx
[DocHub] Scanned: 1101.xlsx
[DocHub] Scanned: 1102.xlsx
[DocHub] Scanned: 1103.xlsx
[DocHub] Scanned: 1104.xlsx
[DocHub] Scanned: 1105.xlsx
[DocHub] Scanned: 1106.xlsx
[DocHub] Scanned: 1107.xlsx
[DocHub] Scanned: 1108.xlsx
[DocHub] Scanned: 1109.xlsx
[DocHub] Scanned: 1110.xlsx
[DocHub] Scanned: 1111.xlsx
[DocHub] Scanned: 1112.xlsx
[DocHub] Scanned: 1113.xlsx
[DocHub] Scanned: 1114.xlsx
[DocHub] Scanned: 1115.xlsx
[DocHub] Scanned: 1116.xlsx
[DocHub] Scanned: 1117+.xlsx
[DocHub] Scanned: 1117.xlsx
[DocHub] Scanned: 1118.xlsx
[DocHub] Scanned: 1119.xlsx
[DocHub] Scanned: 1120.xlsx
[DocHub] Scanned: 1121.xlsx
[DocHub] Scanned: 1122.xlsx
[DocHub] Scanned: 1123.xlsx
[DocHub] Scanned: 1124.xlsx
[DocHub] Scanned: 1125.xlsx
[DocHub] Scanned: 1126.xlsx
[DocHub] Scanned: 1127.xlsx
[DocHub] Scanned: 1128.xlsx
[DocHub] Scanned: 1129.xlsx
[DocHub] Scanned: 1130.xlsx
[DocHub] Scanned: 1131.xlsx
[DocHub] Scanned: 1132.xlsx
[DocHub] Scanned: 1133.xlsx
[DocHub] Scanned: 1134.xlsx
[DocHub] Scanned: 1135.xlsx
[DocHub] Scanned: 1136.xlsx
[DocHub] Scanned: 1137.xlsx
[DocHub] Scanned: 1138.xlsx
[DocHub] Scanned: 1139.xlsx
[DocHub] Scanned: 1140.xlsx
[DocHub] Scanned: 1141.xlsx
[DocHub] Scanned: 1142.xlsx
[DocHub] Scanned: 1143.xlsx
[DocHub] Scanned: 1144.xlsx
[DocHub] Scanned: 1145.xlsx
[DocHub] Scanned: 1146.xlsx
[DocHub] Scanned: 1147.xlsx
[DocHub] Scanned: 1148.xlsx
[DocHub] Scanned: 1149.xlsx
[DocHub] Scanned: 1150.xlsx
[DocHub] Scanned: 1151.xlsx
[DocHub] Scanned: 1152.xlsx
[DocHub] Scanned: 1153.xlsx
[DocHub] Scanned: 1154.xlsx
[DocHub] Scanned: 1155.xlsx
[DocHub] Scanned: 1156.xlsx
[DocHub] Scanned: 1157.xlsx
[DocHub] Scanned: 1158.xlsx
[DocHub] Scanned: 1159.xlsx
[DocHub] Scanned: 1160.xlsx
[DocHub] Scanned: 1161.xlsx
[DocHub] Scanned: 1162.xlsx
[DocHub] Scanned: 1163.xlsx
[DocHub] Scanned: 1164.xlsx
[DocHub] Scanned: 1165.xlsx
[DocHub] Scanned: 1166.xlsx
[DocHub] Scanned: 1167.xlsx
[DocHub] Scanned: 1168.xlsx
[DocHub] Scanned: 1169.xlsx
[DocHub] Scanned: 1170.xlsx
[DocHub] Scanned: 1171.xlsx
[DocHub] Scanned: 1172.xlsx
[DocHub] Scanned: 1173.xlsx
[DocHub] Scanned: 1174.xlsx
[DocHub] Scanned: 1175.xlsx
[DocHub] Scanned: 1176.xlsx
[DocHub] Scanned: 1177.xlsx
[DocHub] Scanned: 1178.xlsx
[DocHub] Scanned: 1179.xlsx
[DocHub] Scanned: 1180.xlsx
[DocHub] Scanned: 1181.xlsx
[DocHub] Scanned: 1182.xlsx
[DocHub] Scanned: 1183.xlsx
[DocHub] Scanned: 1184.xlsx
[DocHub] Scanned: 1185.xlsx
[DocHub] Scanned: 1186.xlsx
[DocHub] Scanned: 1187.xlsx
[DocHub] Scanned: 1188.xlsx
[DocHub] Scanned: 1189.xlsx
[DocHub] Scanned: 1190.xlsx
[DocHub] Scanned: 1191.xlsx
[DocHub] Scanned: 1192.xlsx
[DocHub] Scanned: 1193.xlsx
[DocHub] Scanned: 1194.xlsx
[DocHub] Scanned: 1195.xlsx
[DocHub] Scanned: 1196.xlsx
[DocHub] Scanned: 1197.xlsx
[DocHub] Scanned: 1198.xlsx
[DocHub] Scanned: 1199.xlsx
[DocHub] Scanned: 1200.xlsx
[DocHub] Scanned: 1201.xlsx
[DocHub] Scanned: 1202.xlsx
[DocHub] Scanned: 1203.xlsx
[DocHub] Scanned: 1204.xlsx
[DocHub] Scanned: 1205.xlsx
[DocHub] Scanned: 1206.xlsx
[DocHub] Scanned: 1207.xlsx
[DocHub] Scanned: 1208.xlsx
[DocHub] Scanned: 1209.xlsx
[DocHub] Scanned: 1210.xlsx
[DocHub] Scanned: 1211.xlsx
[DocHub] Scanned: 1212.xlsx
[DocHub] Scanned: 1213.xlsx
[DocHub] Scanned: 1214.xlsx
[DocHub] Scanned: 1215.xlsx
[DocHub] Scanned: 1216.xlsx
[DocHub] Scanned: 1217.xlsx
[DocHub] Scanned: 1218.xlsx
[DocHub] Scanned: 1219.xlsx
[DocHub] Scanned: 1220.xlsx
[DocHub] Scanned: 1221.xlsx
[DocHub] Scanned: 1222.xlsx
[DocHub] Scanned: 1223.xlsx
[DocHub] Scanned: 1224.xlsx
[DocHub] Scanned: 1225.xlsx
[DocHub] Scanned: 1226.xlsx
[DocHub] Scanned: 1227.xlsx
[DocHub] Scanned: 1228.xlsx
[DocHub] Scanned: 1229.xlsx
[DocHub] Scanned: 1230.xlsx
[DocHub] Scanned: 1231.xlsx
[DocHub] Scanned: 1232.xlsx
[DocHub] Scanned: 1233.xlsx
[DocHub] Scanned: 1234.xlsx
[DocHub] Scanned: 1235.xlsx
[DocHub] Scanned: 1236.xlsx
[DocHub] Scanned: 1237.xlsx
[DocHub] Scanned: 1238.xlsx
[DocHub] Scanned: 1239.xlsx
[DocHub] Scanned: 1240.xlsx
[DocHub] Scanned: 1241.xlsx
[DocHub] Scanned: 1242.xlsx
[DocHub] Scanned: 1243.xlsx
[DocHub] Scanned: 1244.xlsx
[DocHub] Scanned: 1245.xlsx
[DocHub] Scanned: 1246.xlsx
[DocHub] Scanned: 1247.xlsx
[DocHub] Scanned: 1248.xlsx
[DocHub] Scanned: 1249.xlsx
[DocHub] Scanned: 1250.xlsx
[DocHub] Scanned: 1251.xlsx
[DocHub] Scanned: 1252.xlsx
[DocHub] Scanned: 1253.xlsx
[DocHub] Scanned: 1254.xlsx
[DocHub] Scanned: 1255.xlsx
[DocHub] Scanned: 1256.xlsx
[DocHub] Scanned: 1257.xlsx
[DocHub] Scanned: 1258.xlsx
[DocHub] Scanned: 1259.xlsx
[DocHub] Scanned: 1260.xlsx
[DocHub] Scanned: 1261.xlsx
[DocHub] Scanned: 1262.xlsx
[DocHub] Scanned: 1263.xlsx
[DocHub] Scanned: 1264.xlsx
[DocHub] Scanned: 1265.xlsx
[DocHub] Scanned: 1266.xlsx
[DocHub] Scanned: 1267.xlsx
[DocHub] Scanned: 1268.xlsx
[DocHub] Scanned: 1269.xlsx
[DocHub] Scanned: 1270.xlsx
[DocHub] Scanned: 1271.xlsx
[DocHub] Scanned: 1272.xlsx
[DocHub] Scanned: 1273.xlsx
[DocHub] Scanned: 1274.xlsx
[DocHub] Scanned: 1275.xlsx
[DocHub] Scanned: 1276.xlsx
[DocHub] Scanned: 1277.xlsx
[DocHub] Scanned: 1278.xlsx
[DocHub] Scanned: 1279.xlsx
[DocHub] Scanned: 1280.xlsx
[DocHub] Scanned: 1281.xlsx
[DocHub] Scanned: 1282.xlsx
[DocHub] Scanned: 1283.xlsx
[DocHub] Scanned: 1284.xlsx
[DocHub] Scanned: 1285.xlsx
[DocHub] Scanned: 1288.xlsx
[DocHub] Scanned: 1289.xlsx
[DocHub] Scanned: 1290.xlsx
[DocHub] Scanned: 1291.xlsx
[DocHub] Scanned: 1292.xlsx
[DocHub] Scanned: 1293.xlsx
[DocHub] Scanned: 1294.xlsx
[DocHub] Scanned: 1295.xlsx
[DocHub] Scanned: 1296.xlsx
[DocHub] Scanned: 1297.xlsx
[DocHub] Scanned: 1298.xlsx
[DocHub] Scanned: 1299.xlsx
[DocHub] Scanned: 1300.xlsx
[DocHub] Scanned: 1301.xlsx
[DocHub] Scanned: 1302.xlsx
[DocHub] Scanned: 1303.xlsx
[DocHub] Scanned: 1304.xlsx
[DocHub] Scanned: 1305.xlsx
[DocHub] Scanned: 1306.xlsx
[DocHub] Scanned: 1307.xlsx
[DocHub] Scanned: 1308.xlsx
[DocHub] Scanned: 1309.xlsx
[DocHub] Scanned: 1310.xlsx
[DocHub] Scanned: 1311.xlsx
[DocHub] Scanned: 1312.xlsx
[DocHub] Scanned: 1313.xlsx
[DocHub] Scanned: 1314.xlsx
[DocHub] Scanned: 1315.xlsx
[DocHub] Scanned: 1316.xlsx
[DocHub] Scanned: 1317.xlsx
[DocHub] Scanned: 1318.xlsx
[DocHub] Scanned: 1319.xlsx
[DocHub] Scanned: 1320.xlsx
[DocHub] Scanned: 1321.xlsx
[DocHub] Scanned: 1322.xlsx
[DocHub] Scanned: 1323.xlsx
[DocHub] Scanned: 1324.xlsx
[DocHub] Scanned: 1325.xlsx
[DocHub] Scanned: 1326.xlsx
[DocHub] Scanned: 1327.xlsx
[DocHub] Scanned: 1328.xlsx
[DocHub] Scanned: 1329.xlsx
[DocHub] Scanned: 1330.xlsx
[DocHub] Scanned: 1331.xlsx
[DocHub] Scanned: 1332.xlsx
[DocHub] Scanned: 1333.xlsx
[DocHub] Scanned: 1334.xlsx
[DocHub] Scanned: 1335.xlsx
[DocHub] Scanned: 1336.xlsx
[DocHub] Scanned: 1337.xlsx
[DocHub] Scanned: 1338.xlsx
[DocHub] Scanned: 1339.xlsx
[DocHub] Scanned: 1340.xlsx
[DocHub] Scanned: 1341.xlsx
[DocHub] Scanned: 1343.xlsx
[DocHub] Scanned: 1344.xlsx
[DocHub] Scanned: 1345.xlsx
[DocHub] Scanned: 1346.xlsx
[DocHub] Scanned: 1347.xlsx
[DocHub] Scanned: 1348.xlsx
[DocHub] Scanned: 1349.xlsx
[DocHub] Scanned: 1350.xlsx
[DocHub] Scanned: 1351.xlsx
[DocHub] Scanned: 1352.xlsx
[DocHub] Scanned: 1353.xlsx
[DocHub] Scanned: 1354.xlsx
[DocHub] Scanned: 1355.xlsx
[DocHub] Scanned: 1356.xlsx
[DocHub] Scanned: 1357.xlsx
[DocHub] Scanned: 1358.xlsx
[DocHub] Scanned: 1359.xlsx
[DocHub] Scanned: 1360.xlsx
[DocHub] Scanned: 1361.xlsx
[DocHub] Scanned: 1362.xlsx
[DocHub] Scanned: 1363.xlsx
[DocHub] Scanned: 1364.xlsx
[DocHub] Scanned: 1365.xlsx
[DocHub] Scanned: 1366.xlsx
[DocHub] Scanned: 1367.xlsx
[DocHub] Scanned: 1368.xlsx
[DocHub] Scanned: 1369.xlsx
[DocHub] Scanned: 1370.xlsx
[DocHub] Scanned: 1371.xlsx
[DocHub] Scanned: 1372.xlsx
[DocHub] Scanned: 1373.xlsx
[DocHub] Scanned: 1374.xlsx
[DocHub] Scanned: 1375.xlsx
[DocHub] Scanned: 1376.xlsx
[DocHub] Scanned: 1377.xlsx
[DocHub] Scanned: 1378.xlsx
[DocHub] Scanned: 1379.xlsx
[DocHub] Scanned: 1380.xlsx
[DocHub] Scanned: 1381.xlsx
[DocHub] Scanned: 1382.xlsx
[DocHub] Scanned: 1383.xlsx
[DocHub] Scanned: 1384.xlsx
[DocHub] Scanned: 1385.xlsx
[DocHub] Scanned: 1386.xlsx
[DocHub] Scanned: 1387.xlsx
[DocHub] Scanned: 1388.xlsx
[DocHub] Scanned: 1389.xlsx
[DocHub] Scanned: 1390.xlsx
[DocHub] Scanned: 1391.xlsx
[DocHub] Scanned: 1392.xlsx
[DocHub] Scanned: 1393.xlsx
[DocHub] Scanned: 1394.xlsx
[DocHub] Scanned: 1395.xlsx
[DocHub] Scanned: 1396.xlsx
[DocHub] Scanned: 1397.xlsx
[DocHub] Scanned: 1398.xlsx
[DocHub] Scanned: 1399.xlsx
[DocHub] Scanned: 1400.xlsx
[DocHub] Scanned: 1401.xlsx
[DocHub] Scanned: 1402.xlsx
[DocHub] Scanned: 1403.xlsx
[DocHub] Scanned: 1404.xlsx
[DocHub] Scanned: 1405.xlsx
[DocHub] Scanned: 1406.xlsx
[DocHub] Scanned: 1407.xlsx
[DocHub] Scanned: 1408.xlsx
[DocHub] Scanned: 1409.xlsx
[DocHub] Scanned: 1410.xlsx
[DocHub] Scanned: 1411.xlsx
[DocHub] Scanned: 1412.xlsx
[DocHub] Scanned: 1413.xlsx
[DocHub] Scanned: 1414.xlsx
[DocHub] Scanned: 1415.xlsx
[DocHub] Scanned: 1416.xlsx
[DocHub] Scanned: 1417.xlsx
[DocHub] Scanned: 1418.xlsx
[DocHub] Scanned: 1419.xlsx
[DocHub] Scanned: 1420.xlsx
[DocHub] Scanned: 1421.xlsx
[DocHub] Scanned: 1422.xlsx
[DocHub] Scanned: 1423.xlsx
[DocHub] Scanned: 1424.xlsx
[DocHub] Scanned: 1425.xlsx
[DocHub] Scanned: 1426.xlsx
[DocHub] Scanned: 1427.xlsx
[DocHub] Scanned: 1428.xlsx
[DocHub] Scanned: 1429.xlsx
[DocHub] Scanned: 1430.xlsx
[DocHub] Scanned: 1431.xlsx
[DocHub] Scanned: 1432.xlsx
[DocHub] Scanned: 1433.xlsx
[DocHub] Scanned: 1434.xlsx
[DocHub] Scanned: 1435.xlsx
[DocHub] Scanned: 1436.xlsx
[DocHub] Scanned: 1437.xlsx
[DocHub] Scanned: 1438.xlsx
[DocHub] Scanned: 1439.xlsx
[DocHub] Scanned: 144.xlsx
[DocHub] Scanned: 1440.xlsx
[DocHub] Scanned: 1441.xlsx
[DocHub] Scanned: 1442.xlsx
[DocHub] Scanned: 1443.xlsx
[DocHub] Scanned: 1444.xlsx
[DocHub] Scanned: 1445.xlsx
[DocHub] Scanned: 1446.xlsx
[DocHub] Scanned: 1447.xlsx
[DocHub] Scanned: 1448.xlsx
[DocHub] Scanned: 1449.xlsx
[DocHub] Scanned: 1450.xlsx
[DocHub] Scanned: 1451.xlsx
[DocHub] Scanned: 1452.xlsx
[DocHub] Scanned: 1453.xlsx
[DocHub] Scanned: 1454.xlsx
[DocHub] Scanned: 1455.xlsx
[DocHub] Scanned: 1456.xlsx
[DocHub] Scanned: 1457.xlsx
[DocHub] Scanned: 1458.xlsx
[DocHub] Scanned: 1459.xlsx
[DocHub] Scanned: 1460.xlsx
[DocHub] Scanned: 1461.xlsx
[DocHub] Scanned: 1462.xlsx
[DocHub] Scanned: 1463.xlsx
[DocHub] Scanned: 1464.xlsx
[DocHub] Scanned: 1465.xlsx
[DocHub] Scanned: 1466.xlsx
[DocHub] Scanned: 1467.xlsx
[DocHub] Scanned: 1468.xlsx
[DocHub] Scanned: 1469.xlsx
[DocHub] Scanned: 1470.xlsx
[DocHub] Scanned: 1341.xlsx
[DocHub] Scanned: 1342.xlsx
[DocHub] Scanned: 1368.xlsx
[DocHub] Scanned: 1471.xlsx
[DocHub] Scanned: 1472.xlsx
[DocHub] Scanned: 1473.xlsx
[DocHub] Scanned: 1474.xlsx
[DocHub] Scanned: 1475.xlsx
[DocHub] Scanned: 1476.xlsx
[DocHub] Scanned: 1477.xlsx
[DocHub] Scanned: 1478.xlsx
[DocHub] Scanned: 1479.xlsx
[DocHub] Scanned: 1480.xlsx
[DocHub] Scanned: 1481.xlsx
[DocHub] Scanned: 1482.xlsx
[DocHub] Scanned: 1483.xlsx
[DocHub] Scanned: 1484.xlsx
[DocHub] Scanned: 1485.xlsx
[DocHub] Scanned: 1486.xlsx
[DocHub] Scanned: 1487.xlsx
[DocHub] Scanned: 1488.xlsx
[DocHub] Scanned: 1489.xlsx
[DocHub] Scanned: 1490.xlsx
[DocHub] Scanned: 1491.xlsx
[DocHub] Scanned: 1492.xlsx
[DocHub] Scanned: 1493.xlsx
[DocHub] Scanned: 1494.xlsx
[DocHub] Scanned: 1495.xlsx
[DocHub] Scanned: 1496.xlsx
[DocHub] Scanned: 1498.xlsx
[DocHub] Scanned: 1499.xlsx
[DocHub] Scanned: 1500.xlsx
[DocHub] Scanned: 1501.xlsx
[DocHub] Scanned: 1502.xlsx
[DocHub] Scanned: 1503.xlsx
[DocHub] Scanned: 1504.xlsx
[DocHub] Scanned: 1505.xlsx
[DocHub] Scanned: 1506.xlsx
[DocHub] Scanned: 1507.xlsx
[DocHub] Scanned: 1508.xlsx
[DocHub] Scanned: 1509.xlsx
[DocHub] Scanned: 1510.xlsx
[DocHub] Scanned: 1511.xlsx
[DocHub] Scanned: 1512.xlsx
[DocHub] Scanned: 1513.xlsx
[DocHub] Scanned: 1514.xlsx
[DocHub] Scanned: 1515.xlsx
[DocHub] Scanned: 1516.xlsx
[DocHub] Scanned: 1517.xlsx
[DocHub] Scanned: 1518.xlsx
[DocHub] Scanned: 1519.xlsx
[DocHub] Scanned: 1520.xlsx
[DocHub] Scanned: 1521.xlsx
[DocHub] Scanned: 1522.xlsx
[DocHub] Scanned: 1523.xlsx
[DocHub] Scanned: 1524.xlsx
[DocHub] Scanned: 1525.xlsx
[DocHub] Scanned: 1526.xlsx
[DocHub] Scanned: 1527.xlsx
[DocHub] Scanned: 1528.xlsx
[DocHub] Scanned: 1529.xlsx
[DocHub] Scanned: 1530.xlsx
[DocHub] Scanned: 1531.xlsx
[DocHub] Scanned: 1532.xlsx
[DocHub] Scanned: 1533.xlsx
[DocHub] Scanned: 1534.xlsx
[DocHub] Scanned: 1535.xlsx
[DocHub] Scanned: 1536.xlsx
[DocHub] Scanned: 1537.xlsx
[DocHub] Scanned: 1538.xlsx
[DocHub] Scanned: 1539.xlsx
[DocHub] Scanned: 1540.xlsx
[DocHub] Scanned: 1541.xlsx
[DocHub] Scanned: 1542.xlsx
[DocHub] Scanned: 1543.xlsx
[DocHub] Scanned: 1544.xlsx
[DocHub] Scanned: 1545.xlsx
[DocHub] Scanned: 1546.xlsx
[DocHub] Scanned: 1547.xlsx
[DocHub] Scanned: 1548.xlsx
[DocHub] Scanned: 1549.xlsx
[DocHub] Scanned: 1550.xlsx
[DocHub] Scanned: 1551.xlsx
[DocHub] Scanned: 1552.xlsx
[DocHub] Scanned: 1553.xlsx
[DocHub] Scanned: 1554.xlsx
[DocHub] Scanned: 1555.xlsx
[DocHub] Scanned: 1556.xlsx
[DocHub] Scanned: 1557.xlsx
[DocHub] Scanned: 1559.xlsx
[DocHub] Scanned: 1560.xlsx
[DocHub] Scanned: 1561.xlsx
[DocHub] Scanned: 1562.xlsx
[DocHub] Scanned: 1563.xlsx
[DocHub] Scanned: 1564.xlsx
[DocHub] Scanned: 1565.xlsx
[DocHub] Scanned: 1566.xlsx
[DocHub] Scanned: 1567.xlsx
[DocHub] Scanned: 1568.xlsx
[DocHub] Scanned: 1569.xlsx
[DocHub] Scanned: 1570.xlsx
[DocHub] Scanned: 1571.xlsx
[DocHub] Scanned: 1572.xlsx
[DocHub] Scanned: 1573.xlsx
[DocHub] Scanned: 1574.xlsx
[DocHub] Scanned: 1575.xlsx
[DocHub] Scanned: 1576.xlsx
[DocHub] Scanned: 1577.xlsx
[DocHub] Scanned: 1578.xlsx
[DocHub] Scanned: 1579.xlsx
[DocHub] Scanned: 1580.xlsx
[DocHub] Scanned: 1581..xlsx
[DocHub] Scanned: 1581.xlsx
[DocHub] Scanned: 1582..xlsx
[DocHub] Scanned: 1582.xlsx
[DocHub] Scanned: 1583..xlsx
[DocHub] Scanned: 1583.xlsx
[DocHub] Scanned: 1584..xlsx
[DocHub] Scanned: 1584.xlsx
[DocHub] Scanned: 1585.xlsx
[DocHub] Scanned: 1586.xlsx
[DocHub] Scanned: 1587.xlsx
[DocHub] Scanned: 1588.xlsx
[DocHub] Scanned: 1589.xlsx
[DocHub] Scanned: 1590.xlsx
[DocHub] Scanned: 1591.xlsx
[DocHub] Scanned: 1592.xlsx
[DocHub] Scanned: 1593.xlsx
[DocHub] Scanned: 1594.xlsx
[DocHub] Scanned: 1595.xlsx
[DocHub] Scanned: 1596.xlsx
[DocHub] Scanned: 1597.xlsx
[DocHub] Scanned: 1598.xlsx
[DocHub] Scanned: 1599.xlsx
[DocHub] Scanned: 1600.xlsx
[DocHub] Scanned: 1601.xlsx
[DocHub] Scanned: 1602.xlsx
[DocHub] Scanned: 1603.xlsx
[DocHub] Scanned: 1604.xlsx
[DocHub] Scanned: 1605.xlsx
[DocHub] Scanned: 1606.xlsx
[DocHub] Scanned: 1607.xlsx
[DocHub] Scanned: 1608.xlsx
[DocHub] Scanned: 1609.xlsx
[DocHub] Scanned: 1610.xlsx
[DocHub] Scanned: 1611.xlsx
[DocHub] Scanned: 1612.xlsx
[DocHub] Scanned: 1613.xlsx
[DocHub] Scanned: 1614.xlsx
[DocHub] Scanned: 1615.xlsx
[DocHub] Scanned: 1616.xlsx
[DocHub] Scanned: 1617.xlsx
[DocHub] Scanned: 1618.xlsx
[DocHub] Scanned: 1619.xlsx
[DocHub] Scanned: 1620.xlsx
[DocHub] Scanned: 1621.xlsx
[DocHub] Scanned: 1622.xlsx
[DocHub] Scanned: 1623.xlsx
[DocHub] Scanned: 1624.xlsx
[DocHub] Scanned: 1625.xlsx
[DocHub] Scanned: 1626.xlsx
[DocHub] Scanned: 1627.xlsx
[DocHub] Scanned: 1628.xlsx
[DocHub] Scanned: 1629.xlsx
[DocHub] Scanned: 1630.xlsx
[DocHub] Scanned: 1631.xlsx
[DocHub] Scanned: 1632.xlsx
[DocHub] Scanned: 1633.xlsx
[DocHub] Scanned: 1634.xlsx
[DocHub] Scanned: 1635.xlsx
[DocHub] Scanned: 1636.xlsx
[DocHub] Scanned: 1637.xlsx
[DocHub] Scanned: 1638.xlsx
[DocHub] Scanned: 1639.xlsx
[DocHub] Scanned: 1640.xlsx
[DocHub] Scanned: 1641.xlsx
[DocHub] Scanned: 1642.xlsx
[DocHub] Scanned: 1643.xlsx
[DocHub] Scanned: 1644.xlsx
[DocHub] Scanned: 1645.xlsx
[DocHub] Scanned: 1646.xlsx
[DocHub] Scanned: 1647.xlsx
[DocHub] Scanned: 1648.xlsx
[DocHub] Scanned: 1649.xlsx
[DocHub] Scanned: 1650.xlsx
[DocHub] Scanned: 1651.xlsx
[DocHub] Scanned: 1652.xlsx
[DocHub] Scanned: 1653.xlsx
[DocHub] Scanned: 1654.xlsx
[DocHub] Scanned: 1655.xlsx
[DocHub] Scanned: 1656.xlsx
[DocHub] Scanned: 1657.xlsx
[DocHub] Scanned: 1658.xlsx
[DocHub] Scanned: 1659.xlsx
[DocHub] Scanned: 1660.xlsx
[DocHub] Scanned: 1661.xlsx
[DocHub] Scanned: 1662.xlsx
[DocHub] Scanned: 1663.xlsx
[DocHub] Scanned: 1664.xlsx
[DocHub] Scanned: 1665.xlsx
[DocHub] Scanned: 1666.xlsx
[DocHub] Scanned: 1667.xlsx
[DocHub] Scanned: 1668.xlsx
[DocHub] Scanned: 1669.xlsx
[DocHub] Scanned: 1670.xlsx
[DocHub] Scanned: 1671.xlsx
[DocHub] Scanned: 1672.xlsx
[DocHub] Scanned: 1673.xlsx
[DocHub] Scanned: 1674.xlsx
[DocHub] Scanned: 1675.xlsx
[DocHub] Scanned: 1676.xlsx
[DocHub] Scanned: 1677.xlsx
[DocHub] Scanned: 1678.xlsx
[DocHub] Scanned: 1679.xlsx
[DocHub] Scanned: 1680.xlsx
[DocHub] Scanned: 1681.xlsx
[DocHub] Scanned: 1682.xlsx
[DocHub] Scanned: 1683.xlsx
[DocHub] Scanned: 1684.xlsx
[DocHub] Scanned: 1685.xlsx
[DocHub] Scanned: 1686.xlsx
[DocHub] Scanned: 1687.xlsx
[DocHub] Scanned: 1688.xlsx
[DocHub] Scanned: 1689.xlsx
[DocHub] Scanned: 1690.xlsx
[DocHub] Scanned: 1691.xlsx
[DocHub] Scanned: 1692.xlsx
[DocHub] Scanned: 1693.xlsx
[DocHub] Scanned: 1694.xlsx
[DocHub] Scanned: 1695.xlsx
[DocHub] Scanned: 1696.xlsx
[DocHub] Scanned: 1697.xlsx
[DocHub] Scanned: 1698.xlsx
[DocHub] Scanned: 1699.xlsx
[DocHub] Scanned: 1700.xlsx
[DocHub] Scanned: 1701.xlsx
[DocHub] Scanned: 1702.xlsx
[DocHub] Scanned: 1703.xlsx
[DocHub] Scanned: 1704.xlsx
[DocHub] Scanned: 1705.xlsx
[DocHub] Scanned: 1706.xlsx
[DocHub] Scanned: 1707.xlsx
[DocHub] Scanned: 1708.xlsx
[DocHub] Scanned: 1709.xlsx
[DocHub] Scanned: 1710.xlsx
[DocHub] Scanned: 1711.xlsx
[DocHub] Scanned: 1712.xlsx
[DocHub] Scanned: 1713.xlsx
[DocHub] Scanned: 1714.xlsx
[DocHub] Scanned: 1715.xlsx
[DocHub] Scanned: 1716.xlsx
[DocHub] Scanned: 1717.xlsx
[DocHub] Scanned: 1718.xlsx
[DocHub] Scanned: 1719.xlsx
[DocHub] Scanned: 1720.xlsx
[DocHub] Scanned: 1721.xlsx
[DocHub] Scanned: 1722.xlsx
[DocHub] Scanned: 1723.xlsx
[DocHub] Scanned: 1724.xlsx
[DocHub] Scanned: 1725.xlsx
[DocHub] Scanned: 1726.xlsx
[DocHub] Scanned: 1727.xlsx
[DocHub] Scanned: 1728.xlsx
[DocHub] Scanned: 1729.xlsx
[DocHub] Scanned: 1730.xlsx
[DocHub] Scanned: 1731.xlsx
[DocHub] Scanned: 1732.xlsx
[DocHub] Scanned: 1733.xlsx
[DocHub] Scanned: 1734.xlsx
[DocHub] Scanned: 1735.xlsx
[DocHub] Scanned: 1736.xlsx
[DocHub] Scanned: 1737.xlsx
[DocHub] Scanned: 1738.xlsx
[DocHub] Scanned: 1739.xlsx
[DocHub] Scanned: 1740.xlsx
[DocHub] Scanned: 1741.xlsx
[DocHub] Scanned: 1742.xlsx
[DocHub] Scanned: 1743.xlsx
[DocHub] Scanned: 1744.xlsx
[DocHub] Scanned: 1745.xlsx
[DocHub] Scanned: 1746.xlsx
[DocHub] Scanned: 1747.xlsx
[DocHub] Scanned: 1748.xlsx
[DocHub] Scanned: 1749.xlsx
[DocHub] Scanned: 1750.xlsx
[DocHub] Scanned: 1751.xlsx
[DocHub] Scanned: 1752.xlsx
[DocHub] Scanned: 1753.xlsx
[DocHub] Scanned: 1754.xlsx
[DocHub] Scanned: 1755.xlsx
[DocHub] Scanned: 1756.xlsx
[DocHub] Scanned: 1757.xlsx
[DocHub] Scanned: 1758.xlsx
[DocHub] Scanned: 1759.xlsx
[DocHub] Scanned: 1760.xlsx
[DocHub] Scanned: 1761.xlsx
[DocHub] Scanned: 1762.xlsx
[DocHub] Scanned: 1763.xlsx
[DocHub] Scanned: 1764.xlsx
[DocHub] Scanned: 1765.xlsx
[DocHub] Scanned: 1766.xlsx
[DocHub] Scanned: 1767.xlsx
[DocHub] Scanned: 1768.xlsx
[DocHub] Scanned: 1769.xlsx
[DocHub] Scanned: 1770.xlsx
[DocHub] Scanned: 1771.xlsx
[DocHub] Scanned: 1772.xlsx
[DocHub] Scanned: 1773.xlsx
[DocHub] Scanned: 1774.xlsx
[DocHub] Scanned: 1775.xlsx
[DocHub] Scanned: 1776.xlsx
[DocHub] Scanned: 1777.xlsx
[DocHub] Scanned: 1778.xlsx
[DocHub] Scanned: 1779.xlsx
[DocHub] Scanned: 1780.xlsx
[DocHub] Scanned: 1781.xlsx
[DocHub] Scanned: 1782.xlsx
[DocHub] Scanned: 1783.xlsx
[DocHub] Scanned: 1784.xlsx
[DocHub] Scanned: 1785.xlsx
[DocHub] Scanned: 1786.xlsx
[DocHub] Scanned: 1787.xlsx
[DocHub] Scanned: 1788.xlsx
[DocHub] Scanned: 1789.xlsx
[DocHub] Scanned: 1790.xlsx
[DocHub] Scanned: 1791.xlsx
[DocHub] Scanned: 1792.xlsx
[DocHub] Scanned: 1793.xlsx
[DocHub] Scanned: 1794.xlsx
[DocHub] Scanned: 1795.xlsx
[DocHub] Scanned: 1796.xlsx
[DocHub] Scanned: 1797.xlsx
[DocHub] Scanned: 1798.xlsx
[DocHub] Scanned: 1799.xlsx
[DocHub] Scanned: 1800.xlsx
[DocHub] Scanned: 1801.xlsx
[DocHub] Scanned: 1802.xlsx
[DocHub] Scanned: 1803.xlsx
[DocHub] Scanned: 1804.xlsx
[DocHub] Scanned: 1805.xlsx
[DocHub] Scanned: 1806.xlsx
[DocHub] Scanned: 1807.xlsx
[DocHub] Scanned: 1808.xlsx
[DocHub] Scanned: 1809.xlsx
[DocHub] Scanned: 1810.xlsx
[DocHub] Scanned: 1811.xlsx
[DocHub] Scanned: 1812.xlsx
[DocHub] Scanned: 1813.xlsx
[DocHub] Scanned: 1814.xlsx
[DocHub] Scanned: 1815.xlsx
[DocHub] Scanned: 1816.xlsx
[DocHub] Scanned: 1817.xlsx
[DocHub] Scanned: 1818.xlsx
[DocHub] Scanned: 1819.xlsx
[DocHub] Scanned: 1820.xlsx
[DocHub] Scanned: 1821.xlsx
[DocHub] Scanned: 1822.xlsx
[DocHub] Scanned: 1823.xlsx
[DocHub] Scanned: 1824.xlsx
[DocHub] Scanned: 1825.xlsx
[DocHub] Scanned: 1826.xlsx
[DocHub] Scanned: 1827.xlsx
[DocHub] Scanned: 1828.xlsx
[DocHub] Scanned: 1829.xlsx
[DocHub] Scanned: 1830.xlsx
[DocHub] Scanned: 1831.xlsx
[DocHub] Scanned: 1832.xlsx
[DocHub] Scanned: 1833.xlsx
[DocHub] Scanned: 1834.xlsx
[DocHub] Scanned: 1835.xlsx
[DocHub] Scanned: 1836.xlsx
[DocHub] Scanned: 1837..xlsx
[DocHub] Scanned: 1837.xlsx
[DocHub] Scanned: 1838.xlsx
[DocHub] Scanned: 1839.xlsx
[DocHub] Scanned: 1840.xlsx
[DocHub] Scanned: 1841.xlsx
[DocHub] Scanned: 1842.xlsx
[DocHub] Scanned: 1844.xlsx
[DocHub] Scanned: 1845.xlsx
[DocHub] Scanned: 1846.xlsx
[DocHub] Scanned: 1847.xlsx
[DocHub] Scanned: 1848.xlsx
[DocHub] Scanned: 1849.xlsx
[DocHub] Scanned: 1850.xlsx
[DocHub] Scanned: 1851.xlsx
[DocHub] Scanned: 1852.xlsx
[DocHub] Scanned: 1853.xlsx
[DocHub] Scanned: 1854.xlsx
[DocHub] Scanned: 1855.xlsx
[DocHub] Scanned: 1856.xlsx
[DocHub] Scanned: 1857.xlsx
[DocHub] Scanned: 1858.xlsx
[DocHub] Scanned: 1859.xlsx
[DocHub] Scanned: 1860.xlsx
[DocHub] Scanned: 1861.xlsx
[DocHub] Scanned: 1862.xlsx
[DocHub] Scanned: 1863.xlsx
[DocHub] Scanned: 1864.xlsx
[DocHub] Scanned: 1865.xlsx
[DocHub] Scanned: 1866.xlsx
[DocHub] Scanned: 1867.xlsx
[DocHub] Scanned: 1868.xlsx
[DocHub] Scanned: 1869.xlsx
[DocHub] Scanned: 1870.xlsx
[DocHub] Scanned: 1871.xlsx
[DocHub] Scanned: 1872.xlsx
[DocHub] Scanned: 1873.xlsx
[DocHub] Scanned: 1874.xlsx
[DocHub] Scanned: 1875.xlsx
[DocHub] Scanned: 1876.xlsx
[DocHub] Scanned: 1877.xlsx
[DocHub] Scanned: 1878.xlsx
[DocHub] Scanned: 1879.xlsx
[DocHub] Scanned: 1880.xlsx
[DocHub] Scanned: 1881.xlsx
[DocHub] Scanned: 1882.xlsx
[DocHub] Scanned: 1883.xlsx
[DocHub] Scanned: 1884.xlsx
[DocHub] Scanned: 1885.xlsx
[DocHub] Scanned: 1886.xlsx
[DocHub] Scanned: 1887.xlsx
[DocHub] Scanned: 1888.xlsx
[DocHub] Scanned: 1889.xlsx
[DocHub] Scanned: 1890.xlsx
[DocHub] Scanned: 1891.xlsx
[DocHub] Scanned: 1892.xlsx
[DocHub] Scanned: 1893.xlsx
[DocHub] Scanned: 1894.xlsx
[DocHub] Scanned: 1895.xlsx
[DocHub] Scanned: 1896.xlsx
[DocHub] Scanned: 1897.xlsx
[DocHub] Scanned: 1898.xlsx
[DocHub] Scanned: 1899.xlsx
[DocHub] Scanned: 1900.xlsx
[DocHub] Scanned: 1901.xlsx
[DocHub] Scanned: 1902.xlsx
[DocHub] Scanned: 1903.xlsx
[DocHub] Scanned: 1904.xlsx
[DocHub] Scanned: 1905.xlsx
[DocHub] Scanned: 1906.xlsx
[DocHub] Scanned: 1907.xlsx
[DocHub] Scanned: 1908.xlsx
[DocHub] Scanned: 1909.xlsx
[DocHub] Scanned: 1910.xlsx
[DocHub] Scanned: 1911.xlsx
[DocHub] Scanned: 1912.xlsx
[DocHub] Scanned: 1913.xlsx
[DocHub] Scanned: 1914.xlsx
[DocHub] Scanned: 1915.xlsx
[DocHub] Scanned: 1916.xlsx
[DocHub] Scanned: 1917.xlsx
[DocHub] Scanned: 1918.xlsx
[DocHub] Scanned: 1919.xlsx
[DocHub] Scanned: 1920.xlsx
[DocHub] Scanned: 1921.xlsx
[DocHub] Scanned: 1922.xlsx
[DocHub] Scanned: 1923.xlsx
[DocHub] Scanned: 1924.xlsx
[DocHub] Scanned: 1925.xlsx
[DocHub] Scanned: 1926.xlsx
[DocHub] Scanned: 1927.xlsx
[DocHub] Scanned: 1928.xlsx
[DocHub] Scanned: 1929.xlsx
[DocHub] Scanned: 1930.xlsx
[DocHub] Scanned: 1931.xlsx
[DocHub] Scanned: 1932.xlsx
[DocHub] Scanned: 1933.xlsx
[DocHub] Scanned: 1934.xlsx
[DocHub] Scanned: 1935.xlsx
[DocHub] Scanned: 1936.xlsx
[DocHub] Scanned: 1937.xlsx
[DocHub] Scanned: 1938.xlsx
[DocHub] Scanned: 1939.xlsx
[DocHub] Scanned: 1940.xlsx
[DocHub] Scanned: 1941.xlsx
[DocHub] Scanned: 1942.xlsx
[DocHub] Scanned: 1943.xlsx
[DocHub] Scanned: 1944.xlsx
[DocHub] Scanned: 1945.xlsx
[DocHub] Scanned: 1946.xlsx
[DocHub] Scanned: 1947.xlsx
[DocHub] Scanned: 1948.xlsx
[DocHub] Scanned: 1949.xlsx
[DocHub] Scanned: 1950.xlsx
[DocHub] Scanned: 1951.xlsx
[DocHub] Scanned: 1952.xlsx
[DocHub] Scanned: 1953.xlsx
[DocHub] Scanned: 1954.xlsx
[DocHub] Scanned: 1955.xlsx
[DocHub] Scanned: 1956.xlsx
[DocHub] Scanned: 1957.xlsx
[DocHub] Scanned: 1958.xlsx
[DocHub] Scanned: 1959.xlsx
[DocHub] Scanned: 1960.xlsx
[DocHub] Scanned: 1961.xlsx
[DocHub] Scanned: 1962.xlsx
[DocHub] Scanned: 1963.xlsx
[DocHub] Scanned: 1964.xlsx
[DocHub] Scanned: 1965.xlsx
[DocHub] Scanned: 1966.xlsx
[DocHub] Scanned: 1967.xlsx
[DocHub] Scanned: 1968.xlsx
[DocHub] Scanned: 1969.xlsx
[DocHub] Scanned: 1970.xlsx
[DocHub] Scanned: 1971.xlsx
[DocHub] Scanned: 1972.xlsx
[DocHub] Scanned: 1973.xlsx
[DocHub] Scanned: 1974.xlsx
[DocHub] Scanned: 1975.xlsx
[DocHub] Scanned: 1976.xlsx
[DocHub] Scanned: 1977.xlsx
[DocHub] Scanned: 1978.xlsx
[DocHub] Scanned: 1979.xlsx
[DocHub] Scanned: 1980.xlsx
[DocHub] Scanned: 1981.xlsx
[DocHub] Scanned: 1982.xlsx
[DocHub] Scanned: 1983.xlsx
[DocHub] Scanned: 1984.xlsx
[DocHub] Scanned: 1985.xlsx
[DocHub] Scanned: 1986.xlsx
[DocHub] Scanned: 1987.xlsx
[DocHub] Scanned: 1988.xlsx
[DocHub] Scanned: 1988（A）.xlsx
[DocHub] Scanned: 1989.xlsx
[DocHub] Scanned: 1990.xlsx
[DocHub] Scanned: 1991.xlsx
[DocHub] Scanned: 1992.xlsx
[DocHub] Scanned: 1993.xlsx
[DocHub] Scanned: 1994.xlsx
[DocHub] Scanned: 1995.xlsx
[DocHub] Scanned: 1996.xlsx
[DocHub] Scanned: 1997.xlsx
[DocHub] Scanned: 1998.xlsx
[DocHub] Scanned: 1999.xlsx
[DocHub] Scanned: 2000.xlsx
[DocHub] Scanned: 2001.xlsx
[DocHub] Scanned: 2002.xlsx
[DocHub] Scanned: 2003.xlsx
[DocHub] Scanned: 2004.xlsx
[DocHub] Scanned: 2005.xlsx
[DocHub] Scanned: 2006.xlsx
[DocHub] Scanned: 2007.xlsx
[DocHub] Scanned: 2008.xlsx
[DocHub] Scanned: 2009.xlsx
[DocHub] Scanned: 2010.xlsx
[DocHub] Scanned: 2011.xlsx
[DocHub] Scanned: 2012.xlsx
[DocHub] Scanned: 2013.xlsx
[DocHub] Scanned: 2014.xlsx
[DocHub] Scanned: 2015.xlsx
[DocHub] Scanned: 2016.xlsx
[DocHub] Scanned: 2017.xlsx
[DocHub] Scanned: 2018.xlsx
[DocHub] Scanned: 2019.xlsx
[DocHub] Scanned: 2020.xlsx
[DocHub] Scanned: 2021.xlsx
[DocHub] Scanned: 2022.xlsx
[DocHub] Scanned: 2023.xlsx
[DocHub] Scanned: 2024.xlsx
[DocHub] Scanned: 2025.xlsx
[DocHub] Scanned: 2026.xlsx
[DocHub] Scanned: 2027.xlsx
[DocHub] Scanned: 2028.xlsx
[DocHub] Scanned: 2029.xlsx
[DocHub] Scanned: 2030.xlsx
[DocHub] Scanned: 2031.xlsx
[DocHub] Scanned: 2032.xlsx
[DocHub] Scanned: 2033.xlsx
[DocHub] Scanned: 2034.xlsx
[DocHub] Scanned: 2035.xlsx
[DocHub] Scanned: 2036.xlsx
[DocHub] Scanned: 2037.xlsx
[DocHub] Scanned: 2038.xlsx
[DocHub] Scanned: 2039.xlsx
[DocHub] Scanned: 2095.xlsx
[DocHub] Scanned: 2096.xlsx
[DocHub] Scanned: 2097.xlsx
[DocHub] Scanned: 2098.xlsx
[DocHub] Scanned: 2261.xlsx
[DocHub] Scanned: 2262.xlsx
[DocHub] Scanned: 2263.xlsx
[DocHub] Scanned: 2264.xlsx
[DocHub] Scanned: 2265.xlsx
[DocHub] Scanned: 2266.xlsx
[DocHub] Scanned: ~$1785.xlsx
[DocHub] Scanned: ~$1813.xlsx
[DocHub] Scanned: ~$1820.xlsx
[DocHub] Scanned: 安全阀报告模板终.xlsx
[DocHub] Scanned: 2040.xlsx
[DocHub] Scanned: 2041.xlsx
[DocHub] Scanned: 2042.xlsx
[DocHub] Scanned: 2043.xlsx
[DocHub] Scanned: 2044.xlsx
[DocHub] Scanned: 2045.xlsx
[DocHub] Scanned: 2046.xlsx
[DocHub] Scanned: 2047.xlsx
[DocHub] Scanned: 2048.xlsx
[DocHub] Scanned: 2049.xlsx
[DocHub] Scanned: 2050.xlsx
[DocHub] Scanned: 2051.xlsx
[DocHub] Scanned: 2052.xlsx
[DocHub] Scanned: 2053.xlsx
[DocHub] Scanned: 2054.xlsx
[DocHub] Scanned: 2055.xlsx
[DocHub] Scanned: 2056.xlsx
[DocHub] Scanned: 2057.xlsx
[DocHub] Scanned: 2058.xlsx
[DocHub] Scanned: 2059.xlsx
[DocHub] Scanned: 2060.xlsx
[DocHub] Scanned: 2061.xlsx
[DocHub] Scanned: 2062.xlsx
[DocHub] Scanned: 2063.xlsx
[DocHub] Scanned: 2064.xlsx
[DocHub] Scanned: 2065.xlsx
[DocHub] Scanned: 2066.xlsx
[DocHub] Scanned: 2067.xlsx
[DocHub] Scanned: 2068.xlsx
[DocHub] Scanned: 2069.xlsx
[DocHub] Scanned: 2070.xlsx
[DocHub] Scanned: 2071.xlsx
[DocHub] Scanned: 2072.xlsx
[DocHub] Scanned: 2073.xlsx
[DocHub] Scanned: 2074.xlsx
[DocHub] Scanned: 2075.xlsx
[DocHub] Scanned: 2076.xlsx
[DocHub] Scanned: 2077.xlsx
[DocHub] Scanned: 2078.xlsx
[DocHub] Scanned: 2079.xlsx
[DocHub] Scanned: 2080.xlsx
[DocHub] Scanned: 2081.xlsx
[DocHub] Scanned: 2082.xlsx
[DocHub] Scanned: 2083.xlsx
[DocHub] Scanned: 2084.xlsx
[DocHub] Scanned: 2085.xlsx
[DocHub] Scanned: 2086.xlsx
[DocHub] Scanned: 2087.xlsx
[DocHub] Scanned: 2088.xlsx
[DocHub] Scanned: 2089.xlsx
[DocHub] Scanned: 2090.xlsx
[DocHub] Scanned: 2091.xlsx
[DocHub] Scanned: 2092.xlsx
[DocHub] Scanned: 2093.xlsx
[DocHub] Scanned: 2094.xlsx
[DocHub] Scanned: 2095.xlsx
[DocHub] Scanned: 2096.xlsx
[DocHub] Scanned: 2097.xlsx
[DocHub] Scanned: 2098.xlsx
[DocHub] Scanned: 2099.xlsx
[DocHub] Scanned: 2100.xlsx
[DocHub] Scanned: 2101.xlsx
[DocHub] Scanned: 2102.xlsx
[DocHub] Scanned: 2103.xlsx
[DocHub] Scanned: 2104.xlsx
[DocHub] Scanned: 2105.xlsx
[DocHub] Scanned: 2106.xlsx
[DocHub] Scanned: 2107.xlsx
[DocHub] Scanned: 2108.xlsx
[DocHub] Scanned: 2109.xlsx
[DocHub] Scanned: 2110.xlsx
[DocHub] Scanned: 2111.xlsx
[DocHub] Scanned: 2112.xlsx
[DocHub] Scanned: 2113.xlsx
[DocHub] Scanned: 2114.xlsx
[DocHub] Scanned: 2115.xlsx
[DocHub] Scanned: 2116.xlsx
[DocHub] Scanned: 2117.xlsx
[DocHub] Scanned: 2118.xlsx
[DocHub] Scanned: 2119.xlsx
[DocHub] Scanned: 2120.2200.xlsx
[DocHub] Scanned: 2121.2201.xlsx
[DocHub] Scanned: 2122.xlsx
[DocHub] Scanned: 2123.xlsx
[DocHub] Scanned: 2124.xlsx
[DocHub] Scanned: 2125.xlsx
[DocHub] Scanned: 2126.xlsx
[DocHub] Scanned: 2127.xlsx
[DocHub] Scanned: 2128.xlsx
[DocHub] Scanned: 2129.xlsx
[DocHub] Scanned: 2130.xlsx
[DocHub] Scanned: 2131.xlsx
[DocHub] Scanned: 2132.xlsx
[DocHub] Scanned: 2133.xlsx
[DocHub] Scanned: 2134.xlsx
[DocHub] Scanned: 2135.xlsx
[DocHub] Scanned: 2136.xlsx
[DocHub] Scanned: 2137.xlsx
[DocHub] Scanned: 2138.xlsx
[DocHub] Scanned: 2139.xlsx
[DocHub] Scanned: 2140.xlsx
[DocHub] Scanned: 2141.xlsx
[DocHub] Scanned: 2142.xlsx
[DocHub] Scanned: 2143.xlsx
[DocHub] Scanned: 2144.xlsx
[DocHub] Scanned: 2145.xlsx
[DocHub] Scanned: 2146.xlsx
[DocHub] Scanned: 2147.xlsx
[DocHub] Scanned: 2148.xlsx
[DocHub] Scanned: 2149.xlsx
[DocHub] Scanned: 2150.xlsx
[DocHub] Scanned: 2151.xlsx
[DocHub] Scanned: 2152.xlsx
[DocHub] Scanned: 2153.xlsx
[DocHub] Scanned: 2154.xlsx
[DocHub] Scanned: 2155.xlsx
[DocHub] Scanned: 2156.xlsx
[DocHub] Scanned: 2157.xlsx
[DocHub] Scanned: 2158.xlsx
[DocHub] Scanned: 2159.xlsx
[DocHub] Scanned: 2160.xlsx
[DocHub] Scanned: 2161.xlsx
[DocHub] Scanned: 2162.xlsx
[DocHub] Scanned: 2163.xlsx
[DocHub] Scanned: 2164.xlsx
[DocHub] Scanned: 2165.xlsx
[DocHub] Scanned: 2166.xlsx
[DocHub] Scanned: 2167.xlsx
[DocHub] Scanned: 2168.xlsx
[DocHub] Scanned: 2169.xlsx
[DocHub] Scanned: 2170.xlsx
[DocHub] Scanned: 2171.xlsx
[DocHub] Scanned: 2172.xlsx
[DocHub] Scanned: 2173.xlsx
[DocHub] Scanned: 2174.xlsx
[DocHub] Scanned: 2175.xlsx
[DocHub] Scanned: 2176.xlsx
[DocHub] Scanned: 2177.xlsx
[DocHub] Scanned: 2178.xlsx
[DocHub] Scanned: 2179.xlsx
[DocHub] Scanned: 2180.xlsx
[DocHub] Scanned: 2181.xlsx
[DocHub] Scanned: 2182.xlsx
[DocHub] Scanned: 2183.xlsx
[DocHub] Scanned: 2184.xlsx
[DocHub] Scanned: 2185.xlsx
[DocHub] Scanned: 2186.xlsx
[DocHub] Scanned: 2187.xlsx
[DocHub] Scanned: 2188.xlsx
[DocHub] Scanned: 2189.xlsx
[DocHub] Scanned: 2190.xlsx
[DocHub] Scanned: 2191.xlsx
[DocHub] Scanned: 2192.xlsx
[DocHub] Scanned: 2193.xlsx
[DocHub] Scanned: 2194.xlsx
[DocHub] Scanned: 2195.xlsx
[DocHub] Scanned: 2196.xlsx
[DocHub] Scanned: 2197.xlsx
[DocHub] Scanned: 2198.xlsx
[DocHub] Scanned: 2199.xlsx
[DocHub] Scanned: 2200.xlsx
[DocHub] Scanned: 2201.xlsx
[DocHub] Scanned: 2202.xlsx
[DocHub] Scanned: 2203.xlsx
[DocHub] Scanned: 2224.xlsx
[DocHub] Scanned: 2225.xlsx
[DocHub] Scanned: 2255.xlsx
[DocHub] Scanned: 2256.xlsx
[DocHub] Scanned: 2257.xlsx
[DocHub] Scanned: 2258.xlsx
[DocHub] Scanned: 2259.xlsx
[DocHub] Scanned: 2260.xlsx
[DocHub] Scanned: 2267.xlsx
[DocHub] Scanned: 2268.xlsx
[DocHub] Scanned: 2269.xlsx
[DocHub] Scanned: 2270.xlsx
[DocHub] Scanned: 2271.xlsx
[DocHub] Scanned: 2272.xlsx
[DocHub] Scanned: 2273.xlsx
[DocHub] Scanned: 2274.xlsx
[DocHub] Scanned: 2275.xlsx
[DocHub] Scanned: 2276...xlsx
[DocHub] Scanned: 2276.xlsx
[DocHub] Scanned: 2277.xlsx
[DocHub] Scanned: 2278.xlsx
[DocHub] Scanned: 2279.xlsx
[DocHub] Scanned: 2280.xlsx
[DocHub] Scanned: 2281.xlsx
[DocHub] Scanned: 2282.xlsx
[DocHub] Scanned: 2283.xlsx
[DocHub] Scanned: 2284.xlsx
[DocHub] Scanned: 2285.xlsx
[DocHub] Scanned: 2286.xlsx
[DocHub] Scanned: 2287.xlsx
[DocHub] Scanned: 2288.xlsx
[DocHub] Scanned: 2289.xlsx
[DocHub] Scanned: 2290.xlsx
[DocHub] Scanned: 2291.xlsx
[DocHub] Scanned: 2292.xlsx
[DocHub] Scanned: 2293.xlsx
[DocHub] Scanned: 2294.xlsx
[DocHub] Scanned: 2295.xlsx
[DocHub] Scanned: 2296.xlsx
[DocHub] Scanned: 2297.xlsx
[DocHub] Scanned: 2298.xlsx
[DocHub] Scanned: 2299.xlsx
[DocHub] Scanned: 2300.xlsx
[DocHub] Scanned: 2301.xlsx
[DocHub] Scanned: 2302.xlsx
[DocHub] Scanned: 2303.xlsx
[DocHub] Scanned: 2304.xlsx
[DocHub] Scanned: 2305.xlsx
[DocHub] Scanned: 2306.xlsx
[DocHub] Scanned: 2307.xlsx
[DocHub] Scanned: 2308.xlsx
[DocHub] Scanned: 2309.xlsx
[DocHub] Scanned: 2310.xlsx
[DocHub] Scanned: 2311.xlsx
[DocHub] Scanned: 2312.xlsx
[DocHub] Scanned: 2313.xlsx
[DocHub] Scanned: 2314.xlsx
[DocHub] Scanned: 2315.xlsx
[DocHub] Scanned: 2316.xlsx
[DocHub] Scanned: 2317.xlsx
[DocHub] Scanned: 2318.xlsx
[DocHub] Scanned: 2319.xlsx
[DocHub] Scanned: 2320.xlsx
[DocHub] Scanned: 2321.xlsx
[DocHub] Scanned: 2322.xlsx
[DocHub] Scanned: 2323.xlsx
[DocHub] Scanned: 2324.xlsx
[DocHub] Scanned: 2325.xlsx
[DocHub] Scanned: 2326.xlsx
[DocHub] Scanned: 2327.xlsx
[DocHub] Scanned: 2328.xlsx
[DocHub] Scanned: 2329.xlsx
[DocHub] Scanned: 2330.xlsx
[DocHub] Scanned: 2331.xlsx
[DocHub] Scanned: 2332.xlsx
[DocHub] Scanned: 2333.xlsx
[DocHub] Scanned: 2362.xlsx
[DocHub] Scanned: 2363.xlsx
[DocHub] Scanned: 2364.xlsx
[DocHub] Scanned: 2365.xlsx
[DocHub] Scanned: 2366.xlsx
[DocHub] Scanned: 2367.xlsx
[DocHub] Scanned: 2368.xlsx
[DocHub] Scanned: 2369.xlsx
[DocHub] Scanned: 2370.xlsx
[DocHub] Scanned: 2371.xlsx
[DocHub] Scanned: 2372.xlsx
[DocHub] Scanned: 2373.xlsx
[DocHub] Scanned: 2374.xlsx
[DocHub] Scanned: 2375.xlsx
[DocHub] Scanned: 2376.xlsx
[DocHub] Scanned: 2377.xlsx
[DocHub] Scanned: 2378.xlsx
[DocHub] Scanned: 2379.xlsx
[DocHub] Scanned: 2380.xlsx
[DocHub] Scanned: 2381.xlsx
[DocHub] Scanned: 2382.xlsx
[DocHub] Scanned: 2383.xlsx
[DocHub] Scanned: 2384.xlsx
[DocHub] Scanned: 2385.xlsx
[DocHub] Scanned: 2386.xlsx
[DocHub] Scanned: 2387.xlsx
[DocHub] Scanned: 2388.xlsx
[DocHub] Scanned: 2389.xlsx
[DocHub] Scanned: 2390.xlsx
[DocHub] Scanned: 2391.xlsx
[DocHub] Scanned: 2392.xlsx
[DocHub] Scanned: 2393.xlsx
[DocHub] Scanned: 2394.xlsx
[DocHub] Scanned: 2395.xlsx
[DocHub] Scanned: 2396.xlsx
[DocHub] Scanned: 2397.xlsx
[DocHub] Scanned: 2398.xlsx
[DocHub] Scanned: 2399.xlsx
[DocHub] Scanned: 2400.xlsx
[DocHub] Scanned: 2401.xlsx
[DocHub] Scanned: 2402.xlsx
[DocHub] Scanned: 2403.xlsx
[DocHub] Scanned: 2404.xlsx
[DocHub] Scanned: 2405.xlsx
[DocHub] Scanned: 2406.xlsx
[DocHub] Scanned: 2407.xlsx
[DocHub] Scanned: 2408.xlsx
[DocHub] Scanned: 2409.xlsx
[DocHub] Scanned: 2410.xlsx
[DocHub] Scanned: 2411.xlsx
[DocHub] Scanned: 2412.xlsx
[DocHub] Scanned: 2413.xlsx
[DocHub] Scanned: 2414.xlsx
[DocHub] Scanned: 2415.xlsx
[DocHub] Scanned: 2416.xlsx
[DocHub] Scanned: 2417.xlsx
[DocHub] Scanned: 2418.xlsx
[DocHub] Scanned: 2419.xlsx
[DocHub] Scanned: 2420.xlsx
[DocHub] Scanned: 2421.xlsx
[DocHub] Scanned: 2422.xlsx
[DocHub] Scanned: 2423.xlsx
[DocHub] Scanned: 2424.xlsx
[DocHub] Scanned: 2425.xlsx
[DocHub] Scanned: 2426.xlsx
[DocHub] Scanned: 2427.xlsx
[DocHub] Scanned: 2428.xlsx
[DocHub] Scanned: 2429.xlsx
[DocHub] Scanned: 2430.xlsx
[DocHub] Scanned: 2431.xlsx
[DocHub] Scanned: 2432.xlsx
[DocHub] Scanned: 2433.xlsx
[DocHub] Scanned: 2434.xlsx
[DocHub] Scanned: 2435.xlsx
[DocHub] Scanned: 2436.xlsx
[DocHub] Scanned: 2437.xlsx
[DocHub] Scanned: 2438.xlsx
[DocHub] Scanned: 2439.xlsx
[DocHub] Scanned: 2440.xlsx
[DocHub] Scanned: 2441.xlsx
[DocHub] Scanned: 2442.xlsx
[DocHub] Scanned: 2443.xlsx
[DocHub] Scanned: 2444.xlsx
[DocHub] Scanned: 2445.xlsx
[DocHub] Scanned: 2446.xlsx
[DocHub] Scanned: 2447.xlsx
[DocHub] Scanned: 2448.xlsx
[DocHub] Scanned: 2449.xlsx
[DocHub] Scanned: 2450.xlsx
[DocHub] Scanned: 2451.xlsx
[DocHub] Scanned: 2452.xlsx
[DocHub] Scanned: 2453.xlsx
[DocHub] Scanned: 2454.xlsx
[DocHub] Scanned: 2455.xlsx
[DocHub] Scanned: 2456.xlsx
[DocHub] Scanned: 2457.xlsx
[DocHub] Scanned: 2458.xlsx
[DocHub] Scanned: 2459.xlsx
[DocHub] Scanned: 2460.xlsx
[DocHub] Scanned: 2461.xlsx
[DocHub] Scanned: 2462.xlsx
[DocHub] Scanned: 2463.xlsx
[DocHub] Scanned: 2464.xlsx
[DocHub] Scanned: 2465.xlsx
[DocHub] Scanned: 2466.xlsx
[DocHub] Scanned: 2467.xlsx
[DocHub] Scanned: 2468.xlsx
[DocHub] Scanned: 2469.xlsx
[DocHub] Scanned: 2470.xlsx
[DocHub] Scanned: 2471.xlsx
[DocHub] Scanned: 2472.xlsx
[DocHub] Scanned: 2473.xlsx
[DocHub] Scanned: 2474.xlsx
[DocHub] Scanned: 2475.xlsx
[DocHub] Scanned: 2476.xlsx
[DocHub] Scanned: 2477.xlsx
[DocHub] Scanned: 2478.xlsx
[DocHub] Scanned: 2479.xlsx
[DocHub] Scanned: 2480.xlsx
[DocHub] Scanned: 2481.xlsx
[DocHub] Scanned: 2482.xlsx
[DocHub] Scanned: 2483.xlsx
[DocHub] Scanned: 2484.xlsx
[DocHub] Scanned: 2485.xlsx
[DocHub] Scanned: 2486.xlsx
[DocHub] Scanned: 2487.xlsx
[DocHub] Scanned: 2488.xlsx
[DocHub] Scanned: 2489.xlsx
[DocHub] Scanned: 2490.xlsx
[DocHub] Scanned: 2491.xlsx
[DocHub] Scanned: 2492.xlsx
[DocHub] Scanned: 2493.xlsx
[DocHub] Scanned: 2494.xlsx
[DocHub] Scanned: 2495.xlsx
[DocHub] Scanned: 2496.xlsx
[DocHub] Scanned: 2497.xlsx
[DocHub] Scanned: 2498.xlsx
[DocHub] Scanned: 2499.xlsx
[DocHub] Scanned: 2500.xlsx
[DocHub] Scanned: 2501.xlsx
[DocHub] Scanned: 2502.xlsx
[DocHub] Scanned: 2503.xlsx
[DocHub] Scanned: 2504.xlsx
[DocHub] Scanned: 2505.xlsx
[DocHub] Scanned: 2506.xlsx
[DocHub] Scanned: 2507.xlsx
[DocHub] Scanned: 2508.xlsx
[DocHub] Scanned: 2509.xlsx
[DocHub] Scanned: 2510.xlsx
[DocHub] Scanned: 2511.xlsx
[DocHub] Scanned: 2512.xlsx
[DocHub] Scanned: 2513.xlsx
[DocHub] Scanned: 2514.xlsx
[DocHub] Scanned: 2515.xlsx
[DocHub] Scanned: 2516.xlsx
[DocHub] Scanned: 2517.xlsx
[DocHub] Scanned: 2518.xlsx
[DocHub] Scanned: 2519.xlsx
[DocHub] Scanned: 2520.xlsx
[DocHub] Scanned: 2521.xlsx
[DocHub] Scanned: 2522.xlsx
[DocHub] Scanned: 2523.xlsx
[DocHub] Scanned: 2524.xlsx
[DocHub] Scanned: 2525.xlsx
[DocHub] Scanned: 2526.xlsx
[DocHub] Scanned: 2527.xlsx
[DocHub] Scanned: 2528.xlsx
[DocHub] Scanned: 2529.xlsx
[DocHub] Scanned: 2530.xlsx
[DocHub] Scanned: 2531.xlsx
[DocHub] Scanned: 2532.xlsx
[DocHub] Scanned: 2533.xlsx
[DocHub] Scanned: 2534.xlsx
[DocHub] Scanned: 2535.xlsx
[DocHub] Scanned: 2536...xlsx
[DocHub] Scanned: 2536.xlsx
[DocHub] Scanned: 2537.xlsx
[DocHub] Scanned: 2538...xlsx
[DocHub] Scanned: 2538.xlsx
[DocHub] Scanned: 2539...xlsx
[DocHub] Scanned: 2539.xlsx
[DocHub] Scanned: 2540...xlsx
[DocHub] Scanned: 2540.xlsx
[DocHub] Scanned: 2541.xlsx
[DocHub] Scanned: 2542.xlsx
[DocHub] Scanned: 2543.xlsx
[DocHub] Scanned: 2544.xlsx
[DocHub] Scanned: 2545.xlsx
[DocHub] Scanned: 2546.xlsx
[DocHub] Scanned: 2547.xlsx
[DocHub] Scanned: 2548.xlsx
[DocHub] Scanned: 2549.xlsx
[DocHub] Scanned: 2550.xlsx
[DocHub] Scanned: 2551.xlsx
[DocHub] Scanned: 2552.xlsx
[DocHub] Scanned: 2553.xlsx
[DocHub] Scanned: 2555.xlsx
[DocHub] Scanned: 2556.xlsx
[DocHub] Scanned: 2557.xlsx
[DocHub] Scanned: 2558.xlsx
[DocHub] Scanned: 2559.xlsx
[DocHub] Scanned: 2560.xlsx
[DocHub] Scanned: 2561.xlsx
[DocHub] Scanned: 2562.xlsx
[DocHub] Scanned: 2563.xlsx
[DocHub] Scanned: 2564.xlsx
[DocHub] Scanned: 2565.xlsx
[DocHub] Scanned: 2566.xlsx
[DocHub] Scanned: 2567.xlsx
[DocHub] Scanned: 2568.xlsx
[DocHub] Scanned: 2569.xlsx
[DocHub] Scanned: 2570.xlsx
[DocHub] Scanned: 2571.xlsx
[DocHub] Scanned: 2572.xlsx
[DocHub] Scanned: 2573.xlsx
[DocHub] Scanned: 2574.xlsx
[DocHub] Scanned: 2575.xlsx
[DocHub] Scanned: 2576.xlsx
[DocHub] Scanned: 2577.xlsx
[DocHub] Scanned: 2578.xlsx
[DocHub] Scanned: 2579.xlsx
[DocHub] Scanned: 2580.xlsx
[DocHub] Scanned: 2581.xlsx
[DocHub] Scanned: 2582.xlsx
[DocHub] Scanned: 2583.xlsx
[DocHub] Scanned: 2584.xlsx
[DocHub] Scanned: 2585.xlsx
[DocHub] Scanned: 2586.xlsx
[DocHub] Scanned: 2587.xlsx
[DocHub] Scanned: 2588.xlsx
[DocHub] Scanned: 2589.xlsx
[DocHub] Scanned: 2590.xlsx
[DocHub] Scanned: 2591.xlsx
[DocHub] Scanned: 2592.xlsx
[DocHub] Scanned: 2593.xlsx
[DocHub] Scanned: 2594.xlsx
[DocHub] Scanned: 2595.xlsx
[DocHub] Scanned: 2596.xlsx
[DocHub] Scanned: 2597.xlsx
[DocHub] Scanned: 2598.xlsx
[DocHub] Scanned: 2599.xlsx
[DocHub] Scanned: 2600.xlsx
[DocHub] Scanned: 2601.xlsx
[DocHub] Scanned: 2602.xlsx
[DocHub] Scanned: 2603.xlsx
[DocHub] Scanned: 2604.xlsx
[DocHub] Scanned: 2605.xlsx
[DocHub] Scanned: 2606.xlsx
[DocHub] Scanned: 2607.xlsx
[DocHub] Scanned: 2608.xlsx
[DocHub] Scanned: 2609.xlsx
[DocHub] Scanned: 3088.xlsx
[DocHub] Scanned: 3089.xlsx
[DocHub] Scanned: 3090.xlsx
[DocHub] Scanned: 3091.xlsx
[DocHub] Scanned: 3092.xlsx
[DocHub] Scanned: 3093.xlsx
[DocHub] Scanned: 3094.xlsx
[DocHub] Scanned: 3095.xlsx
[DocHub] Scanned: 3096.xlsx
[DocHub] Scanned: 3097.xlsx
[DocHub] Scanned: 3098.xlsx
[DocHub] Scanned: 3099.xlsx
[DocHub] Scanned: 3100.xlsx
[DocHub] Scanned: 3101.xlsx
[DocHub] Scanned: 3102.xlsx
[DocHub] Scanned: 3103.xlsx
[DocHub] Scanned: 3104.xlsx
[DocHub] Scanned: 3105.xlsx
[DocHub] Scanned: 3106.xlsx
[DocHub] Scanned: 3107.xlsx
[DocHub] Scanned: 3108.xlsx
[DocHub] Scanned: 3109.xlsx
[DocHub] Scanned: 3110.xlsx
[DocHub] Scanned: 3111.xlsx
[DocHub] Scanned: 3112.xlsx
[DocHub] Scanned: 3113.xlsx
[DocHub] Scanned: 3114.xlsx
[DocHub] Scanned: 3115.xlsx
[DocHub] Scanned: 3116.xlsx
[DocHub] Scanned: 3117.xlsx
[DocHub] Scanned: 3118.xlsx
[DocHub] Scanned: 3119.xlsx
[DocHub] Scanned: 3120.xlsx
[DocHub] Scanned: 3121.xlsx
[DocHub] Scanned: 3122.xlsx
[DocHub] Scanned: 3123.xlsx
[DocHub] Scanned: 3124.xlsx
[DocHub] Scanned: 3125.xlsx
[DocHub] Scanned: 3126.xlsx
[DocHub] Scanned: 3127.xlsx
[DocHub] Scanned: 3128.xlsx
[DocHub] Scanned: 3129.xlsx
[DocHub] Scanned: 3130.xlsx
[DocHub] Scanned: 3131.xlsx
[DocHub] Scanned: 3132.xlsx
[DocHub] Scanned: 3133.xlsx
[DocHub] Scanned: 3134.xlsx
[DocHub] Scanned: 3135.xlsx
[DocHub] Scanned: 3136.xlsx
[DocHub] Scanned: 3137.xlsx
[DocHub] Scanned: 3138.xlsx
[DocHub] Scanned: 3139.xlsx
[DocHub] Scanned: 3140.xlsx
[DocHub] Scanned: 3141.xlsx
[DocHub] Scanned: 3142.xlsx
[DocHub] Scanned: 3143.xlsx
[DocHub] Scanned: 3144.xlsx
[DocHub] Scanned: 3145.xlsx
[DocHub] Scanned: 3146.xlsx
[DocHub] Scanned: 3147.xlsx
[DocHub] Scanned: 3148.xlsx
[DocHub] Scanned: 3149.xlsx
[DocHub] Scanned: 3150.xlsx
[DocHub] Scanned: 3151.xlsx
[DocHub] Scanned: 3152.xlsx
[DocHub] Scanned: 3153.xlsx
[DocHub] Scanned: 3154.xlsx
[DocHub] Scanned: 3155.xlsx
[DocHub] Scanned: 3156.xlsx
[DocHub] Scanned: 3157.xlsx
[DocHub] Scanned: 3158.xlsx
[DocHub] Scanned: 3159.xlsx
[DocHub] Scanned: 3160.xlsx
[DocHub] Scanned: 3161.xlsx
[DocHub] Scanned: 3162.xlsx
[DocHub] Scanned: 3163.xlsx
[DocHub] Scanned: 3164.xlsx
[DocHub] Scanned: 3165.xlsx
[DocHub] Scanned: 3166.xlsx
[DocHub] Scanned: 3167.xlsx
[DocHub] Scanned: 3168.xlsx
[DocHub] Scanned: 3169.xlsx
[DocHub] Scanned: 3170.xlsx
[DocHub] Scanned: 3171.xlsx
[DocHub] Scanned: 3172.xlsx
[DocHub] Scanned: 3173.xlsx
[DocHub] Scanned: 3174.xlsx
[DocHub] Scanned: 3175.xlsx
[DocHub] Scanned: 3176.xlsx
[DocHub] Scanned: 3177.xlsx
[DocHub] Scanned: 3178.xlsx
[DocHub] Scanned: 3179.xlsx
[DocHub] Scanned: 3180.xlsx
[DocHub] Scanned: 3181.xlsx
[DocHub] Scanned: 3182.xlsx
[DocHub] Scanned: 3183.xlsx
[DocHub] Scanned: 3184.xlsx
[DocHub] Scanned: 3185.xlsx
[DocHub] Scanned: 3186.xlsx
[DocHub] Scanned: 3187.xlsx
[DocHub] Scanned: 3188.xlsx
[DocHub] Scanned: 3189.xlsx
[DocHub] Scanned: 3190.xlsx
[DocHub] Scanned: 3191.xlsx
[DocHub] Scanned: 3192.xlsx
[DocHub] Scanned: 3193.xlsx
[DocHub] Scanned: 3194.xlsx
[DocHub] Scanned: 3195.xlsx
[DocHub] Scanned: 3196.xlsx
[DocHub] Scanned: 3197.xlsx
[DocHub] Scanned: 3198.xlsx
[DocHub] Scanned: 3199.xlsx
[DocHub] Scanned: 3200.xlsx
[DocHub] Scanned: 3201.xlsx
[DocHub] Scanned: 3202.xlsx
[DocHub] Scanned: 3203.xlsx
[DocHub] Scanned: 3204.xlsx
[DocHub] Scanned: 3205.xlsx
[DocHub] Scanned: 3206.xlsx
[DocHub] Scanned: 3207.xlsx
[DocHub] Scanned: 3208.xlsx
[DocHub] Scanned: 3209.xlsx
[DocHub] Scanned: 3210.xlsx
[DocHub] Scanned: 3211.xlsx
[DocHub] Scanned: 3212.xlsx
[DocHub] Scanned: 3213.xlsx
[DocHub] Scanned: 3214.xlsx
[DocHub] Scanned: 3215.xlsx
[DocHub] Scanned: 3216.xlsx
[DocHub] Scanned: 3217.xlsx
[DocHub] Scanned: 3218.xlsx
[DocHub] Scanned: 3219.xlsx
[DocHub] Scanned: 3220.xlsx
[DocHub] Scanned: 3221.xlsx
[DocHub] Scanned: 3222.xlsx
[DocHub] Scanned: 3223.xlsx
[DocHub] Scanned: 3224.xlsx
[DocHub] Scanned: 3225.xlsx
[DocHub] Scanned: 3226.xlsx
[DocHub] Scanned: 3227.xlsx
[DocHub] Scanned: 3234.xlsx
[DocHub] Scanned: 3263.xlsx
[DocHub] Scanned: 3264.xlsx
[DocHub] Scanned: 3265.xlsx
[DocHub] Scanned: 3266.xlsx
[DocHub] Scanned: 3267.xlsx
[DocHub] Scanned: 3268.xlsx
[DocHub] Scanned: 3269.xlsx
[DocHub] Scanned: 3270.xlsx
[DocHub] Scanned: 3271.xlsx
[DocHub] Scanned: 3272.xlsx
[DocHub] Scanned: 3273.xlsx
[DocHub] Scanned: 3274.xlsx
[DocHub] Scanned: 3275.xlsx
[DocHub] Scanned: 3276.xlsx
[DocHub] Scanned: 3277.xlsx
[DocHub] Scanned: 3278.xlsx
[DocHub] Scanned: 3279.xlsx
[DocHub] Scanned: 3280.xlsx
[DocHub] Scanned: 3281.xlsx
[DocHub] Scanned: 3282.xlsx
[DocHub] Scanned: 3283.xlsx
[DocHub] Scanned: 3284.xlsx
[DocHub] Scanned: 3285.xlsx
[DocHub] Scanned: 3286.xlsx
[DocHub] Scanned: 3287.xlsx
[DocHub] Scanned: 3288.xlsx
[DocHub] Scanned: 3289.xlsx
[DocHub] Scanned: 3290.xlsx
[DocHub] Scanned: 3291.xlsx
[DocHub] Scanned: 3292.xlsx
[DocHub] Scanned: 3293.xlsx
[DocHub] Scanned: 3294.xlsx
[DocHub] Scanned: 3295.xlsx
[DocHub] Scanned: 3296.xlsx
[DocHub] Scanned: 3297.xlsx
[DocHub] Scanned: 3298.xlsx
[DocHub] Scanned: 3299.xlsx
[DocHub] Scanned: 3300.xlsx
[DocHub] Scanned: 3301.xlsx
[DocHub] Scanned: 3302.xlsx
[DocHub] Scanned: 3303.xlsx
[DocHub] Scanned: 3304.xlsx
[DocHub] Scanned: 3305.xlsx
[DocHub] Scanned: 3306.xlsx
[DocHub] Scanned: 3307.xlsx
[DocHub] Scanned: 3308.xlsx
[DocHub] Scanned: 3309.xlsx
[DocHub] Scanned: 3310.xlsx
[DocHub] Scanned: 3311.xlsx
[DocHub] Scanned: 3312.xlsx
[DocHub] Scanned: 3313.xlsx
[DocHub] Scanned: 3314.xlsx
[DocHub] Scanned: 3315.xlsx
[DocHub] Scanned: 3316.xlsx
[DocHub] Scanned: 3317.xlsx
[DocHub] Scanned: 3318.xlsx
[DocHub] Scanned: 3319.xlsx
[DocHub] Scanned: 3320.xlsx
[DocHub] Scanned: 3321.xlsx
[DocHub] Scanned: 3322.xlsx
[DocHub] Scanned: 3323.xlsx
[DocHub] Scanned: 3324.xlsx
[DocHub] Scanned: 3325.xlsx
[DocHub] Scanned: 3326.xlsx
[DocHub] Scanned: 3327.xlsx
[DocHub] Scanned: 3328.xlsx
[DocHub] Scanned: 3329.xlsx
[DocHub] Scanned: 3330.xlsx
[DocHub] Scanned: 3331.xlsx
[DocHub] Scanned: 3332.xlsx
[DocHub] Scanned: 3333.xlsx
[DocHub] Scanned: 3334.xlsx
[DocHub] Scanned: 3335.xlsx
[DocHub] Scanned: 3336.xlsx
[DocHub] Scanned: 3337.xlsx
[DocHub] Scanned: 3338.xlsx
[DocHub] Scanned: 3339...xlsx
[DocHub] Scanned: 3339.xlsx
[DocHub] Scanned: 3340.xlsx
[DocHub] Scanned: 3341.xlsx
[DocHub] Scanned: 3342.xlsx
[DocHub] Scanned: 3343.xlsx
[DocHub] Scanned: 3344.xlsx
[DocHub] Scanned: 3345.xlsx
[DocHub] Scanned: 3346.xlsx
[DocHub] Scanned: 3347.xlsx
[DocHub] Scanned: 3348.xlsx
[DocHub] Scanned: 3349.xlsx
[DocHub] Scanned: 3350.xlsx
[DocHub] Scanned: 3351.xlsx
[DocHub] Scanned: 3352.xlsx
[DocHub] Scanned: 3353.xlsx
[DocHub] Scanned: 3354.xlsx
[DocHub] Scanned: 3355.xlsx
[DocHub] Scanned: 3356.xlsx
[DocHub] Scanned: 3357.xlsx
[DocHub] Scanned: 3358.xlsx
[DocHub] Scanned: 3359.xlsx
[DocHub] Scanned: 3360.xlsx
[DocHub] Scanned: 3361.xlsx
[DocHub] Scanned: 3362.xlsx
[DocHub] Scanned: 3363.xlsx
[DocHub] Scanned: 3364.xlsx
[DocHub] Scanned: 3365.xlsx
[DocHub] Scanned: 3366.xlsx
[DocHub] Scanned: 3367.xlsx
[DocHub] Scanned: 3368.xlsx
[DocHub] Scanned: 3369.xlsx
[DocHub] Scanned: 3370.xlsx
[DocHub] Scanned: 3371.xlsx
[DocHub] Scanned: 3372.xlsx
[DocHub] Scanned: 3373.xlsx
[DocHub] Scanned: 3374.xlsx
[DocHub] Scanned: 3375.xlsx
[DocHub] Scanned: 3376.xlsx
[DocHub] Scanned: 3377.xlsx
[DocHub] Scanned: 3378.xlsx
[DocHub] Scanned: 3379.xlsx
[DocHub] Scanned: 3379A.xlsx
[DocHub] Scanned: 3380.xlsx
[DocHub] Scanned: 3380A.xlsx
[DocHub] Scanned: 3381.xlsx
[DocHub] Scanned: 3381A.xlsx
[DocHub] Scanned: 3382.xlsx
[DocHub] Scanned: 3382A.xlsx
[DocHub] Scanned: 3383.xlsx
[DocHub] Scanned: 3383A.xlsx
[DocHub] Scanned: 3384.xlsx
[DocHub] Scanned: 3385.xlsx
[DocHub] Scanned: 3386.xlsx
[DocHub] Scanned: 3387.xlsx
[DocHub] Scanned: 3388.xlsx
[DocHub] Scanned: 3389.xlsx
[DocHub] Scanned: 3390.xlsx
[DocHub] Scanned: 3391.xlsx
[DocHub] Scanned: 3464.xlsx
[DocHub] Scanned: 3465.xlsx
[DocHub] Scanned: 3466.xlsx
[DocHub] Scanned: 3467.xlsx
[DocHub] Scanned: 3468.xlsx
[DocHub] Scanned: 3469.xlsx
[DocHub] Scanned: 3470.xlsx
[DocHub] Scanned: 3471.xlsx
[DocHub] Scanned: 3472.xlsx
[DocHub] Scanned: 3473.xlsx
[DocHub] Scanned: 3474.xlsx
[DocHub] Scanned: 3475.xlsx
[DocHub] Scanned: 3476.xlsx
[DocHub] Scanned: 3477.xlsx
[DocHub] Scanned: 3478.xlsx
[DocHub] Scanned: 3479.xlsx
[DocHub] Scanned: 3480.xlsx
[DocHub] Scanned: 3481.xlsx
[DocHub] Scanned: 3482.xlsx
[DocHub] Scanned: 3483.xlsx
[DocHub] Scanned: 3484.xlsx
[DocHub] Scanned: 3485.xlsx
[DocHub] Scanned: 3486.xlsx
[DocHub] Scanned: 3487.xlsx
[DocHub] Scanned: 3488.xlsx
[DocHub] Scanned: 3489.xlsx
[DocHub] Scanned: 3490.xlsx
[DocHub] Scanned: 3491.xlsx
[DocHub] Scanned: 3492.xlsx
[DocHub] Scanned: 3493.xlsx
[DocHub] Scanned: 3494.xlsx
[DocHub] Scanned: 3495.xlsx
[DocHub] Scanned: 3496.xlsx
[DocHub] Scanned: 3497.xlsx
[DocHub] Scanned: 3498.xlsx
[DocHub] Scanned: 3499.xlsx
[DocHub] Scanned: 3500.xlsx
[DocHub] Scanned: 3501.xlsx
[DocHub] Scanned: 3502.xlsx
[DocHub] Scanned: 3503.xlsx
[DocHub] Scanned: 3504.xlsx
[DocHub] Scanned: 3505.xlsx
[DocHub] Scanned: 3506.xlsx
[DocHub] Scanned: 3507.xlsx
[DocHub] Scanned: 3508.xlsx
[DocHub] Scanned: 3509.xlsx
[DocHub] Scanned: 3510.xlsx
[DocHub] Scanned: 3511.xlsx
[DocHub] Scanned: 3512.xlsx
[DocHub] Scanned: 3513.xlsx
[DocHub] Scanned: 3514.xlsx
[DocHub] Scanned: 3515.xlsx
[DocHub] Scanned: 3516.xlsx
[DocHub] Scanned: 3517.xlsx
[DocHub] Scanned: 3518.xlsx
[DocHub] Scanned: 3519.xlsx
[DocHub] Scanned: 3520.xlsx
[DocHub] Scanned: 3521.xlsx
[DocHub] Scanned: 3522.xlsx
[DocHub] Scanned: 3523.xlsx
[DocHub] Scanned: 3524.xlsx
[DocHub] Scanned: 3525.xlsx
[DocHub] Scanned: 3526.xlsx
[DocHub] Scanned: 3527.xlsx
[DocHub] Scanned: 3593.xlsx
[DocHub] Scanned: 3594.xlsx
[DocHub] Scanned: 3595.xlsx
[DocHub] Scanned: 3596.xlsx
[DocHub] Scanned: 3597.xlsx
[DocHub] Scanned: 3598.xlsx
[DocHub] Scanned: 3599.xlsx
[DocHub] Scanned: 3600.xlsx
[DocHub] Scanned: 3601.xlsx
[DocHub] Scanned: 3602.xlsx
[DocHub] Scanned: 3603.xlsx
[DocHub] Scanned: 3604.xlsx
[DocHub] Scanned: 3605.xlsx
[DocHub] Scanned: 3606.xlsx
[DocHub] Scanned: 3607.xlsx
[DocHub] Scanned: 3608.xlsx
[DocHub] Scanned: 3609.xlsx
[DocHub] Scanned: 3610.xlsx
[DocHub] Scanned: 3611.xlsx
[DocHub] Scanned: 3612.xlsx
[DocHub] Scanned: 3613.xlsx
[DocHub] Scanned: 3614.xlsx
[DocHub] Scanned: 3615.xlsx
[DocHub] Scanned: 3616.xlsx
[DocHub] Scanned: 3617.xlsx
[DocHub] Scanned: 3618.xlsx
[DocHub] Scanned: 3619.xlsx
[DocHub] Scanned: 3642.xlsx
[DocHub] Scanned: 3643.xlsx
[DocHub] Scanned: 3644.xlsx
[DocHub] Scanned: 3645.xlsx
[DocHub] Scanned: 3646.xlsx
[DocHub] Scanned: 3647.xlsx
[DocHub] Scanned: 3648.xlsx
[DocHub] Scanned: 3649.xlsx
[DocHub] Scanned: 3650.xlsx
[DocHub] Scanned: 3651.xlsx
[DocHub] Scanned: 3652.xlsx
[DocHub] Scanned: 3653.xlsx
[DocHub] Scanned: 3654.xlsx
[DocHub] Scanned: 3655.xlsx
[DocHub] Scanned: 3659.xlsx
[DocHub] Scanned: 3660.xlsx
[DocHub] Scanned: 3747.xlsx
[DocHub] Scanned: 3757.xlsx
[DocHub] Scanned: 3758.xlsx
[DocHub] Scanned: 3759.xlsx
[DocHub] Scanned: 3760.xlsx
[DocHub] Scanned: 3761.xlsx
[DocHub] Scanned: 3762.xlsx
[DocHub] Scanned: x.xlsx
[DocHub] Scanned: XX.xlsx
[DocHub] Scanned: ~$3170.xlsx
[DocHub] Scanned: ~$3176.xlsx
[DocHub] Scanned: ~$3468.xlsx
[DocHub] Scanned: ~$x.xlsx
[DocHub] Scanned: 安全阀报告模板终.xlsx
[DocHub] Scanned: 4016.xlsx
[DocHub] Scanned: 4017.xlsx
[DocHub] Scanned: 4018.xlsx
[DocHub] Scanned: 4019.xlsx
[DocHub] Scanned: 4020.xlsx
[DocHub] Scanned: 4021.xlsx
[DocHub] Scanned: 4022.xlsx
[DocHub] Scanned: 4023.xlsx
[DocHub] Scanned: 4024.xlsx
[DocHub] Scanned: 4025.xlsx
[DocHub] Scanned: 4026.xlsx
[DocHub] Scanned: 4027.xlsx
[DocHub] Scanned: 4028.xlsx
[DocHub] Scanned: 4029.xlsx
[DocHub] Scanned: 4030.xlsx
[DocHub] Scanned: 4031.xlsx
[DocHub] Scanned: 4032.xlsx
[DocHub] Scanned: 4033.xlsx
[DocHub] Scanned: 4034.xlsx
[DocHub] Scanned: 4035.xlsx
[DocHub] Scanned: 4036.xlsx
[DocHub] Scanned: 4037.xlsx
[DocHub] Scanned: 4038.xlsx
[DocHub] Scanned: 4039.xlsx
[DocHub] Scanned: 4040.xlsx
[DocHub] Scanned: 4041.xlsx
[DocHub] Scanned: 4042.xlsx
[DocHub] Scanned: 4043.xlsx
[DocHub] Scanned: 4044.xlsx
[DocHub] Scanned: 4045.xlsx
[DocHub] Scanned: 4046.xlsx
[DocHub] Scanned: 4047.xlsx
[DocHub] Scanned: 4048.xlsx
[DocHub] Scanned: 4049.xlsx
[DocHub] Scanned: 4050.xlsx
[DocHub] Scanned: 4051.xlsx
[DocHub] Scanned: 4052.xlsx
[DocHub] Scanned: 4053.xlsx
[DocHub] Scanned: 4054.xlsx
[DocHub] Scanned: 4055.xlsx
[DocHub] Scanned: 4056.xlsx
[DocHub] Scanned: 4057.xlsx
[DocHub] Scanned: 4058.xlsx
[DocHub] Scanned: 4059.xlsx
[DocHub] Scanned: 4060.xlsx
[DocHub] Scanned: 4061.xlsx
[DocHub] Scanned: 4062.xlsx
[DocHub] Scanned: 4063.xlsx
[DocHub] Scanned: 4064.xlsx
[DocHub] Scanned: 4065.xlsx
[DocHub] Scanned: 4066.xlsx
[DocHub] Scanned: 4067.xlsx
[DocHub] Scanned: 4068.xlsx
[DocHub] Scanned: 4069.xlsx
[DocHub] Scanned: 4070.xlsx
[DocHub] Scanned: 4071.xlsx
[DocHub] Scanned: 4072.xlsx
[DocHub] Scanned: 4073.xlsx
[DocHub] Scanned: 4074.xlsx
[DocHub] Scanned: 4075.xlsx
[DocHub] Scanned: 4076.xlsx
[DocHub] Scanned: 4077.xlsx
[DocHub] Scanned: 4078.xlsx
[DocHub] Scanned: 4079.xlsx
[DocHub] Scanned: 4080.xlsx
[DocHub] Scanned: 4081.xlsx
[DocHub] Scanned: 4082.xlsx
[DocHub] Scanned: 4083.xlsx
[DocHub] Scanned: 4084.xlsx
[DocHub] Scanned: 4085.xlsx
[DocHub] Scanned: 4086.xlsx
[DocHub] Scanned: 4087.xlsx
[DocHub] Scanned: 4088.xlsx
[DocHub] Scanned: 4089.xlsx
[DocHub] Scanned: 4090.xlsx
[DocHub] Scanned: 4091.xlsx
[DocHub] Scanned: 4092.xlsx
[DocHub] Scanned: 4093.xlsx
[DocHub] Scanned: 4094.xlsx
[DocHub] Scanned: 4095.xlsx
[DocHub] Scanned: 4096.xlsx
[DocHub] Scanned: 4097.xlsx
[DocHub] Scanned: 4098.xlsx
[DocHub] Scanned: 4099.xlsx
[DocHub] Scanned: 4100.xlsx
[DocHub] Scanned: 4101.xlsx
[DocHub] Scanned: 4102.xlsx
[DocHub] Scanned: 4103.xlsx
[DocHub] Scanned: 4104.xlsx
[DocHub] Scanned: 4105.xlsx
[DocHub] Scanned: 4106.xlsx
[DocHub] Scanned: 4107.xlsx
[DocHub] Scanned: 4108.xlsx
[DocHub] Scanned: 4109.xlsx
[DocHub] Scanned: 4110.xlsx
[DocHub] Scanned: 4111.xlsx
[DocHub] Scanned: 4112.xlsx
[DocHub] Scanned: 4113.xlsx
[DocHub] Scanned: 4114.xlsx
[DocHub] Scanned: 4115.xlsx
[DocHub] Scanned: 4117.xlsx
[DocHub] Scanned: 4118.xlsx
[DocHub] Scanned: 4119.xlsx
[DocHub] Scanned: 4120.xlsx
[DocHub] Scanned: 4121.xlsx
[DocHub] Scanned: 4122.xlsx
[DocHub] Scanned: 4123.xlsx
[DocHub] Scanned: 4124.xlsx
[DocHub] Scanned: 4125.xlsx
[DocHub] Scanned: 4135.xlsx
[DocHub] Scanned: 4136.xlsx
[DocHub] Scanned: 4137.xlsx
[DocHub] Scanned: 4138.xlsx
[DocHub] Scanned: 4139.xlsx
[DocHub] Scanned: 4140.xlsx
[DocHub] Scanned: 4141.xlsx
[DocHub] Scanned: 4142.xlsx
[DocHub] Scanned: 4143.xlsx
[DocHub] Scanned: 4144.xlsx
[DocHub] Scanned: 4145.xlsx
[DocHub] Scanned: 4146.xlsx
[DocHub] Scanned: 4147.xlsx
[DocHub] Scanned: 4148.xlsx
[DocHub] Scanned: 4149.xlsx
[DocHub] Scanned: 4150.xlsx
[DocHub] Scanned: 4151.xlsx
[DocHub] Scanned: 4152.xlsx
[DocHub] Scanned: 4153.xlsx
[DocHub] Scanned: 4154.xlsx
[DocHub] Scanned: 4155.xlsx
[DocHub] Scanned: 4156.xlsx
[DocHub] Scanned: 4157.xlsx
[DocHub] Scanned: 4158.xlsx
[DocHub] Scanned: 4159.xlsx
[DocHub] Scanned: 4160.xlsx
[DocHub] Scanned: 4161.xlsx
[DocHub] Scanned: 4162.xlsx
[DocHub] Scanned: 4163.xlsx
[DocHub] Scanned: 4164.xlsx
[DocHub] Scanned: 4165.xlsx
[DocHub] Scanned: 4166.xlsx
[DocHub] Scanned: 4167.xlsx
[DocHub] Scanned: 4168.xlsx
[DocHub] Scanned: 4169.xlsx
[DocHub] Scanned: 4170.xlsx
[DocHub] Scanned: 4171.xlsx
[DocHub] Scanned: 4172.xlsx
[DocHub] Scanned: 4173.xlsx
[DocHub] Scanned: 4174.xlsx
[DocHub] Scanned: 4175.xlsx
[DocHub] Scanned: 4176.xlsx
[DocHub] Scanned: 4177.xlsx
[DocHub] Scanned: 4178.xlsx
[DocHub] Scanned: 4179.xlsx
[DocHub] Scanned: 4180.xlsx
[DocHub] Scanned: 4181.xlsx
[DocHub] Scanned: 4182.xlsx
[DocHub] Scanned: 4183.xlsx
[DocHub] Scanned: 4184.xlsx
[DocHub] Scanned: 4185.xlsx
[DocHub] Scanned: 4186.xlsx
[DocHub] Scanned: 4187.xlsx
[DocHub] Scanned: 4188.xlsx
[DocHub] Scanned: 4189.xlsx
[DocHub] Scanned: 4190.xlsx
[DocHub] Scanned: 4191.xlsx
[DocHub] Scanned: 4192.xlsx
[DocHub] Scanned: 4193.xlsx
[DocHub] Scanned: 4194.xlsx
[DocHub] Scanned: 4195.xlsx
[DocHub] Scanned: 4196.xlsx
[DocHub] Scanned: 4197.xlsx
[DocHub] Scanned: 4198.xlsx
[DocHub] Scanned: 4199.xlsx
[DocHub] Scanned: 4200.xlsx
[DocHub] Scanned: 4201.xlsx
[DocHub] Scanned: 4202.xlsx
[DocHub] Scanned: 4203.xlsx
[DocHub] Scanned: 4204.xlsx
[DocHub] Scanned: 4205.xlsx
[DocHub] Scanned: 4206.xlsx
[DocHub] Scanned: 4207.xlsx
[DocHub] Scanned: 4208.xlsx
[DocHub] Scanned: 4209.xlsx
[DocHub] Scanned: 4210.xlsx
[DocHub] Scanned: 4211.xlsx
[DocHub] Scanned: 4212.xlsx
[DocHub] Scanned: 4213.xlsx
[DocHub] Scanned: 4214.xlsx
[DocHub] Scanned: 4215.xlsx
[DocHub] Scanned: 4216.xlsx
[DocHub] Scanned: 4217.xlsx
[DocHub] Scanned: 4218.xlsx
[DocHub] Scanned: 4219.xlsx
[DocHub] Scanned: 4220.xlsx
[DocHub] Scanned: 4221.xlsx
[DocHub] Scanned: 4222.xlsx
[DocHub] Scanned: 4223.xlsx
[DocHub] Scanned: 4224.xlsx
[DocHub] Scanned: 4225.xlsx
[DocHub] Scanned: 4226.xlsx
[DocHub] Scanned: 4227.xlsx
[DocHub] Scanned: 4228.xlsx
[DocHub] Scanned: 4229.xlsx
[DocHub] Scanned: 4230.xlsx
[DocHub] Scanned: 4231.xlsx
[DocHub] Scanned: 4232.xlsx
[DocHub] Scanned: 4233.xlsx
[DocHub] Scanned: 4234.xlsx
[DocHub] Scanned: 4235.xlsx
[DocHub] Scanned: 4236.xlsx
[DocHub] Scanned: 4238.xlsx
[DocHub] Scanned: 4239.xlsx
[DocHub] Scanned: 4240.xlsx
[DocHub] Scanned: 4241.xlsx
[DocHub] Scanned: 4242.xlsx
[DocHub] Scanned: 4243.xlsx
[DocHub] Scanned: 4244.xlsx
[DocHub] Scanned: 4245.xlsx
[DocHub] Scanned: 4246.xlsx
[DocHub] Scanned: 4247.xlsx
[DocHub] Scanned: 4248.xlsx
[DocHub] Scanned: 4249.xlsx
[DocHub] Scanned: 4250.xlsx
[DocHub] Scanned: 4251.xlsx
[DocHub] Scanned: 4252.xlsx
[DocHub] Scanned: 4253.xlsx
[DocHub] Scanned: 4254.xlsx
[DocHub] Scanned: 4255.xlsx
[DocHub] Scanned: 4256.xlsx
[DocHub] Scanned: 4257.xlsx
[DocHub] Scanned: 4258.xlsx
[DocHub] Scanned: 4259.xlsx
[DocHub] Scanned: 4260.xlsx
[DocHub] Scanned: 4261.xlsx
[DocHub] Scanned: 4262.xlsx
[DocHub] Scanned: 4263.xlsx
[DocHub] Scanned: 4264.xlsx
[DocHub] Scanned: 4265.xlsx
[DocHub] Scanned: 4266.xlsx
[DocHub] Scanned: 4267.xlsx
[DocHub] Scanned: 4268.xlsx
[DocHub] Scanned: 4269.xlsx
[DocHub] Scanned: 4270.xlsx
[DocHub] Scanned: 4271.xlsx
[DocHub] Scanned: 4272.xlsx
[DocHub] Scanned: 4273.xlsx
[DocHub] Scanned: 4274.xlsx
[DocHub] Scanned: 4275.xlsx
[DocHub] Scanned: 4276.xlsx
[DocHub] Scanned: 4277.xlsx
[DocHub] Scanned: 4278.xlsx
[DocHub] Scanned: 4279.xlsx
[DocHub] Scanned: 4280.xlsx
[DocHub] Scanned: 4281.xlsx
[DocHub] Scanned: 4282.xlsx
[DocHub] Scanned: 4283.xlsx
[DocHub] Scanned: 4284.xlsx
[DocHub] Scanned: 4285.xlsx
[DocHub] Scanned: 4286.xlsx
[DocHub] Scanned: 4287.xlsx
[DocHub] Scanned: 4288.xlsx
[DocHub] Scanned: 4289.xlsx
[DocHub] Scanned: 4290.xlsx
[DocHub] Scanned: 4291.xlsx
[DocHub] Scanned: 4292.xlsx
[DocHub] Scanned: 4293.xlsx
[DocHub] Scanned: 4294.xlsx
[DocHub] Scanned: 4295.xlsx
[DocHub] Scanned: 4296.xlsx
[DocHub] Scanned: 4297.xlsx
[DocHub] Scanned: 4298.xlsx
[DocHub] Scanned: 4299.xlsx
[DocHub] Scanned: 4300.xlsx
[DocHub] Scanned: 4301.xlsx
[DocHub] Scanned: 4302.xlsx
[DocHub] Scanned: 4303.xlsx
[DocHub] Scanned: 4304.xlsx
[DocHub] Scanned: 4305.xlsx
[DocHub] Scanned: 4306.xlsx
[DocHub] Scanned: 4307.xlsx
[DocHub] Scanned: 4308.xlsx
[DocHub] Scanned: 4309.xlsx
[DocHub] Scanned: 4310.xlsx
[DocHub] Scanned: 4311.xlsx
[DocHub] Scanned: 4312.xlsx
[DocHub] Scanned: 4313.xlsx
[DocHub] Scanned: 4314.xlsx
[DocHub] Scanned: 4315.xlsx
[DocHub] Scanned: 4316.xlsx
[DocHub] Scanned: 4317.xlsx
[DocHub] Scanned: 4318.xlsx
[DocHub] Scanned: 4319.xlsx
[DocHub] Scanned: 4320.xlsx
[DocHub] Scanned: 4321.xlsx
[DocHub] Scanned: 4322.xlsx
[DocHub] Scanned: 4323.xlsx
[DocHub] Scanned: 4324.xlsx
[DocHub] Scanned: 4325.xlsx
[DocHub] Scanned: 4326.xlsx
[DocHub] Scanned: 4327.xlsx
[DocHub] Scanned: 4328.xlsx
[DocHub] Scanned: 4329.xlsx
[DocHub] Scanned: 4330.xlsx
[DocHub] Scanned: 4331.xlsx
[DocHub] Scanned: 4332.xlsx
[DocHub] Scanned: 4333.xlsx
[DocHub] Scanned: 4334.xlsx
[DocHub] Scanned: 4336.xlsx
[DocHub] Scanned: 4337.xlsx
[DocHub] Scanned: 4338.xlsx
[DocHub] Scanned: 4339.xlsx
[DocHub] Scanned: 4340.xlsx
[DocHub] Scanned: 4341.xlsx
[DocHub] Scanned: 4342.xlsx
[DocHub] Scanned: 4343.xlsx
[DocHub] Scanned: 4344.xlsx
[DocHub] Scanned: 4345.xlsx
[DocHub] Scanned: 4346.xlsx
[DocHub] Scanned: 4347.xlsx
[DocHub] Scanned: 4348.xlsx
[DocHub] Scanned: 4349.xlsx
[DocHub] Scanned: 4350.xlsx
[DocHub] Scanned: 4351.xlsx
[DocHub] Scanned: 4352.xlsx
[DocHub] Scanned: 4353.xlsx
[DocHub] Scanned: 4354.xlsx
[DocHub] Scanned: 4355.xlsx
[DocHub] Scanned: 4356.xlsx
[DocHub] Scanned: 4357.xlsx
[DocHub] Scanned: 4358.xlsx
[DocHub] Scanned: 4359.xlsx
[DocHub] Scanned: 4360.xlsx
[DocHub] Scanned: 4361.xlsx
[DocHub] Scanned: 4362.xlsx
[DocHub] Scanned: 4363.xlsx
[DocHub] Scanned: 4364.xlsx
[DocHub] Scanned: 4365.xlsx
[DocHub] Scanned: 4366.xlsx
[DocHub] Scanned: 4367.xlsx
[DocHub] Scanned: 4368.xlsx
[DocHub] Scanned: 4369.xlsx
[DocHub] Scanned: 4370.xlsx
[DocHub] Scanned: 4371.xlsx
[DocHub] Scanned: 4372.xlsx
[DocHub] Scanned: 4373.xlsx
[DocHub] Scanned: 4374.xlsx
[DocHub] Scanned: 4375.xlsx
[DocHub] Scanned: 4376.xlsx
[DocHub] Scanned: 4377.xlsx
[DocHub] Scanned: 4378.xlsx
[DocHub] Scanned: 4379.xlsx
[DocHub] Scanned: 4380.xlsx
[DocHub] Scanned: 4381.xlsx
[DocHub] Scanned: 4382.xlsx
[DocHub] Scanned: 4383.xlsx
[DocHub] Scanned: 4384.xlsx
[DocHub] Scanned: 4385.xlsx
[DocHub] Scanned: 4386.xlsx
[DocHub] Scanned: 4387.xlsx
[DocHub] Scanned: 4388.xlsx
[DocHub] Scanned: 4389.xlsx
[DocHub] Scanned: 4390.xlsx
[DocHub] Scanned: 4391.xlsx
[DocHub] Scanned: 4392.xlsx
[DocHub] Scanned: 4393.xlsx
[DocHub] Scanned: 4394.xlsx
[DocHub] Scanned: 4395.xlsx
[DocHub] Scanned: 4396.xlsx
[DocHub] Scanned: 4397.xlsx
[DocHub] Scanned: 4398.xlsx
[DocHub] Scanned: 4399.xlsx
[DocHub] Scanned: 4400.xlsx
[DocHub] Scanned: 4401.xlsx
[DocHub] Scanned: 4402.xlsx
[DocHub] Scanned: 4403.xlsx
[DocHub] Scanned: 4404.xlsx
[DocHub] Scanned: 4405.xlsx
[DocHub] Scanned: 4406.xlsx
[DocHub] Scanned: 4407.xlsx
[DocHub] Scanned: 4408.xlsx
[DocHub] Scanned: 4409.xlsx
[DocHub] Scanned: 4410.xlsx
[DocHub] Scanned: 4411.xlsx
[DocHub] Scanned: 4412.xlsx
[DocHub] Scanned: 4413.xlsx
[DocHub] Scanned: 4414.xlsx
[DocHub] Scanned: 4415.xlsx
[DocHub] Scanned: 4416.xlsx
[DocHub] Scanned: 4417.xlsx
[DocHub] Scanned: 4418.xlsx
[DocHub] Scanned: 4419.xlsx
[DocHub] Scanned: 4420.xlsx
[DocHub] Scanned: 4421.xlsx
[DocHub] Scanned: 4422.xlsx
[DocHub] Scanned: 4423.xlsx
[DocHub] Scanned: 4429.xlsx
[DocHub] Scanned: 4430.xlsx
[DocHub] Scanned: 4431.xlsx
[DocHub] Scanned: 4432.xlsx
[DocHub] Scanned: 4433.xlsx
[DocHub] Scanned: 4434.xlsx
[DocHub] Scanned: 4435.xlsx
[DocHub] Scanned: 4436.xlsx
[DocHub] Scanned: 4437.xlsx
[DocHub] Scanned: 4438.xlsx
[DocHub] Scanned: 4439.xlsx
[DocHub] Scanned: 4440.xlsx
[DocHub] Scanned: 4441.xlsx
[DocHub] Scanned: 4442.xlsx
[DocHub] Scanned: 4443.xlsx
[DocHub] Scanned: 4444.xlsx
[DocHub] Scanned: 4445.xlsx
[DocHub] Scanned: 4446.xlsx
[DocHub] Scanned: 4447.xlsx
[DocHub] Scanned: 4448.xlsx
[DocHub] Scanned: 4449.xlsx
[DocHub] Scanned: 4450.xlsx
[DocHub] Scanned: 4451.xlsx
[DocHub] Scanned: 4452.xlsx
[DocHub] Scanned: 4453.xlsx
[DocHub] Scanned: 4454.xlsx
[DocHub] Scanned: 4455.xlsx
[DocHub] Scanned: 4456.xlsx
[DocHub] Scanned: 4457.xlsx
[DocHub] Scanned: 4458.xlsx
[DocHub] Scanned: 4459.xlsx
[DocHub] Scanned: 4460.xlsx
[DocHub] Scanned: 4461.xlsx
[DocHub] Scanned: 4462.xlsx
[DocHub] Scanned: 4463.xlsx
[DocHub] Scanned: 4464.xlsx
[DocHub] Scanned: 4465.xlsx
[DocHub] Scanned: 4466.xlsx
[DocHub] Scanned: 4467.xlsx
[DocHub] Scanned: 4468.xlsx
[DocHub] Scanned: 4469.xlsx
[DocHub] Scanned: 4470.xlsx
[DocHub] Scanned: 4471.xlsx
[DocHub] Scanned: 4472.xlsx
[DocHub] Scanned: 4473.xlsx
[DocHub] Scanned: 4474.xlsx
[DocHub] Scanned: 4475.xlsx
[DocHub] Scanned: 4476.xlsx
[DocHub] Scanned: 4477.xlsx
[DocHub] Scanned: 4478.xlsx
[DocHub] Scanned: 4479.xlsx
[DocHub] Scanned: 4480.xlsx
[DocHub] Scanned: 4481.xlsx
[DocHub] Scanned: 4482.xlsx
[DocHub] Scanned: 4483.xlsx
[DocHub] Scanned: 4484.xlsx
[DocHub] Scanned: 4485.xlsx
[DocHub] Scanned: 4486.xlsx
[DocHub] Scanned: 4487.xlsx
[DocHub] Scanned: 4488.xlsx
[DocHub] Scanned: 4489.xlsx
[DocHub] Scanned: 4490.xlsx
[DocHub] Scanned: 4497.xlsx
[DocHub] Scanned: 4498.xlsx
[DocHub] Scanned: 4499.xlsx
[DocHub] Scanned: 4500.xlsx
[DocHub] Scanned: 4501.xlsx
[DocHub] Scanned: 4502.xlsx
[DocHub] Scanned: 4503.xlsx
[DocHub] Scanned: 4504.xlsx
[DocHub] Scanned: 4505.xlsx
[DocHub] Scanned: 4506.xlsx
[DocHub] Scanned: 4507.xlsx
[DocHub] Scanned: 4508.xlsx
[DocHub] Scanned: 4509.xlsx
[DocHub] Scanned: 4510.xlsx
[DocHub] Scanned: 4511.xlsx
[DocHub] Scanned: 4512.xlsx
[DocHub] Scanned: 4513.xlsx
[DocHub] Scanned: 4514.xlsx
[DocHub] Scanned: 4515.xlsx
[DocHub] Scanned: 4516.xlsx
[DocHub] Scanned: 4517.xlsx
[DocHub] Scanned: 4518...xlsx
[DocHub] Scanned: 4518.xlsx
[DocHub] Scanned: 4519.xlsx
[DocHub] Scanned: 4520.xlsx
[DocHub] Scanned: 4521.xlsx
[DocHub] Scanned: 4522.xlsx
[DocHub] Scanned: 4523.xlsx
[DocHub] Scanned: 4524.xlsx
[DocHub] Scanned: 4525.xlsx
[DocHub] Scanned: 4526.xlsx
[DocHub] Scanned: 4527.xlsx
[DocHub] Scanned: 4528.xlsx
[DocHub] Scanned: 4529.xlsx
[DocHub] Scanned: 4530.xlsx
[DocHub] Scanned: 4531.xlsx
[DocHub] Scanned: 4532.xlsx
[DocHub] Scanned: 4533.xlsx
[DocHub] Scanned: 4534.xlsx
[DocHub] Scanned: 4535.xlsx
[DocHub] Scanned: 4536.xlsx
[DocHub] Scanned: 4537.xlsx
[DocHub] Scanned: 4538.xlsx
[DocHub] Scanned: 4539.xlsx
[DocHub] Scanned: 4540.xlsx
[DocHub] Scanned: 4626.xlsx
[DocHub] Scanned: 4627.xlsx
[DocHub] Scanned: 4628.xlsx
[DocHub] Scanned: 4629.xlsx
[DocHub] Scanned: 4630.xlsx
[DocHub] Scanned: 4631.xlsx
[DocHub] Scanned: 安全阀报告模板终.xlsx
[DocHub] Scanned: 2022年汉方安全阀检验清单（劳动中心）.xlsx
[DocHub] Scanned: 兴义上乘发电报价单.xlsx
[DocHub] Scanned: 副本二郎项目特种设备台帐_-安全阀.xlsx
[DocHub] Scanned: 副本凯里至铜仁天然气11.25..xlsx
[DocHub] Scanned: 副本安全阀检验目录清单(2)(1).xlsx
[DocHub] Scanned: 副本贵阳安全劳动中心清镇报价单3.4.xlsx
[DocHub] Scanned: 华润雪花啤酒询价单.docx
[DocHub] Scanned: 华润雪花啤酒（黔东南）有限公司2022年度安全阀检验项目询价函.docx
[DocHub] Scanned: 台泥一线窑储气罐安全阀12.24.xlsx
[DocHub] Scanned: 台泥（安顺）水泥有限公司.xlsx
[DocHub] Scanned: 圣济堂报价清单2.17.xlsx
[DocHub] Scanned: 安全阀贵州益佰女子优惠价.xlsx
[DocHub] Scanned: 安全阀贵州益佰女子大药厂有限责任公司计量器具校准清单（自检）20190520.xlsx
[DocHub] Scanned: 安顺市中石运贸易有限责任公司高铁西加油加气站安全阀校验台账清单.xlsx
[DocHub] Scanned: 德昌祥药业安全阀检验清单.xlsx
[DocHub] Scanned: 水钢朱经理12.24.xlsx
[DocHub] Scanned: 汉方药业安全阀检验清单.xlsx
[DocHub] Scanned: 汉方药业安全阀检验清单111111111.pdf
[DocHub] Scanned: 航油集团.docx
[DocHub] Scanned: 贵安水务.docx
[DocHub] Scanned: 贵州安维特公司清镇报价单3.4.xlsx
[DocHub] Scanned: 贵州杰泰公司清镇报价单3.4.xlsx
[DocHub] Scanned: 贵阳机场安全阀.docx
[DocHub] Scanned: 贵阳机场报警器.docx
[DocHub] Scanned: 贵阳机场报警器帝恩.docx
[DocHub] Scanned: 贵阳机场温度表.docx
[DocHub] Scanned: 贵阳机场温度表帝恩.docx
[DocHub] Scanned: 金鑫报检报询价单3.3.xlsx
[DocHub] Scanned: 4月在线台帐.docx
[DocHub] Scanned: 6461.xlsx
[DocHub] Scanned: 6462.xlsx
[DocHub] Scanned: 6517.xlsx
[DocHub] Scanned: 6518.xlsx
[DocHub] Scanned: 6519.xlsx
[DocHub] Scanned: 6520.xlsx
[DocHub] Scanned: 6521.xlsx
[DocHub] Scanned: 6522.xlsx
[DocHub] Scanned: 6523.xlsx
[DocHub] Scanned: 6524.xlsx
[DocHub] Scanned: 6525.xlsx
[DocHub] Scanned: 6526.xlsx
[DocHub] Scanned: 6527.xlsx
[DocHub] Scanned: 6528.xlsx
[DocHub] Scanned: 6529.xlsx
[DocHub] Scanned: 6530.xlsx
[DocHub] Scanned: 6531.xlsx
[DocHub] Scanned: 6532.xlsx
[DocHub] Scanned: 6533.xlsx
[DocHub] Scanned: 6534.xlsx
[DocHub] Scanned: 6535.xlsx
[DocHub] Scanned: 6536.xlsx
[DocHub] Scanned: 6537.xlsx
[DocHub] Scanned: 6538.xlsx
[DocHub] Scanned: 6539.xlsx
[DocHub] Scanned: 6540.xlsx
[DocHub] Scanned: 6541.xlsx
[DocHub] Scanned: 6542.xlsx
[DocHub] Scanned: 6543.xlsx
[DocHub] Scanned: 6544.xlsx
[DocHub] Scanned: 6545.xlsx
[DocHub] Scanned: 6546.xlsx
[DocHub] Scanned: 6547.xlsx
[DocHub] Scanned: 6548.xlsx
[DocHub] Scanned: 6549.xlsx
[DocHub] Scanned: 6550.xlsx
[DocHub] Scanned: 6551.xlsx
[DocHub] Scanned: 6552.xlsx
[DocHub] Scanned: 6553.xlsx
[DocHub] Scanned: 6554.xlsx
[DocHub] Scanned: 6555.xlsx
[DocHub] Scanned: 6556.xlsx
[DocHub] Scanned: 6557.xlsx
[DocHub] Scanned: 6558.xlsx
[DocHub] Scanned: 6559.xlsx
[DocHub] Scanned: 6560.xlsx
[DocHub] Scanned: 6561.xlsx
[DocHub] Scanned: 6562.xlsx
[DocHub] Scanned: 6563.xlsx
[DocHub] Scanned: 6564.xlsx
[DocHub] Scanned: 6565.xlsx
[DocHub] Scanned: 6566.xlsx
[DocHub] Scanned: 6567.xlsx
[DocHub] Scanned: 6568.xlsx
[DocHub] Scanned: 6569.xlsx
[DocHub] Scanned: 6570.xlsx
[DocHub] Scanned: 6571.xlsx
[DocHub] Scanned: 6572.xlsx
[DocHub] Scanned: 6573.xlsx
[DocHub] Scanned: 6574.xlsx
[DocHub] Scanned: 6575.xlsx
[DocHub] Scanned: 6576.xlsx
[DocHub] Scanned: 6577.xlsx
[DocHub] Scanned: 6578.xlsx
[DocHub] Scanned: 6579.xlsx
[DocHub] Scanned: 6580.xlsx
[DocHub] Scanned: 6581.xlsx
[DocHub] Scanned: 6582.xlsx
[DocHub] Scanned: 6583.xlsx
[DocHub] Scanned: 6584.xlsx
[DocHub] Scanned: 6585.xlsx
[DocHub] Scanned: 6586.xlsx
[DocHub] Scanned: 6587.xlsx
[DocHub] Scanned: 6588.xlsx
[DocHub] Scanned: 6589.xlsx
[DocHub] Scanned: 6590.xlsx
[DocHub] Scanned: 6591.xlsx
[DocHub] Scanned: 6592.xlsx
[DocHub] Scanned: 6593.xlsx
[DocHub] Scanned: 6594.xlsx
[DocHub] Scanned: 6595.xlsx
[DocHub] Scanned: 6596.xlsx
[DocHub] Scanned: 6597.xlsx
[DocHub] Scanned: 6598.xlsx
[DocHub] Scanned: 6599.xlsx
[DocHub] Scanned: 6600.xlsx
[DocHub] Scanned: 6601.xlsx
[DocHub] Scanned: 6602.xlsx
[DocHub] Scanned: 6603.xlsx
[DocHub] Scanned: 6604.xlsx
[DocHub] Scanned: 6605.xlsx
[DocHub] Scanned: 6606.xlsx
[DocHub] Scanned: 6607.xlsx
[DocHub] Scanned: 6608.xlsx
[DocHub] Scanned: 6609.xlsx
[DocHub] Scanned: 6610.xlsx
[DocHub] Scanned: 6611.xlsx
[DocHub] Scanned: 6612.xlsx
[DocHub] Scanned: 6613.xlsx
[DocHub] Scanned: 6614.xlsx
[DocHub] Scanned: 6615.xlsx
[DocHub] Scanned: 6616.xlsx
[DocHub] Scanned: 6617.xlsx
[DocHub] Scanned: 6618.xlsx
[DocHub] Scanned: 6619.xlsx
[DocHub] Scanned: 6620.xlsx
[DocHub] Scanned: 6621.xlsx
[DocHub] Scanned: 6622.xlsx
[DocHub] Scanned: 6623.xlsx
[DocHub] Scanned: 6624.xlsx
[DocHub] Scanned: 6625.xlsx
[DocHub] Scanned: 6626.xlsx
[DocHub] Scanned: 6627.xlsx
[DocHub] Scanned: 6628.xlsx
[DocHub] Scanned: 6629.xlsx
[DocHub] Scanned: 6630.xlsx
[DocHub] Scanned: 6632.xlsx
[DocHub] Scanned: 6633.xlsx
[DocHub] Scanned: 6634.xlsx
[DocHub] Scanned: 6635.xlsx
[DocHub] Scanned: 6636.xlsx
[DocHub] Scanned: 6637.xlsx
[DocHub] Scanned: 6638.xlsx
[DocHub] Scanned: 6639.xlsx
[DocHub] Scanned: 6640.xlsx
[DocHub] Scanned: 6641.xlsx
[DocHub] Scanned: 6642.xlsx
[DocHub] Scanned: 6643.xlsx
[DocHub] Scanned: 6644.xlsx
[DocHub] Scanned: 6645.xlsx
[DocHub] Scanned: 6646.xlsx
[DocHub] Scanned: 6647.xlsx
[DocHub] Scanned: 6648.xlsx
[DocHub] Scanned: 6649.xlsx
[DocHub] Scanned: 6650.xlsx
[DocHub] Scanned: 6651.xlsx
[DocHub] Scanned: 6652.xlsx
[DocHub] Scanned: 6653.xlsx
[DocHub] Scanned: 6654.xlsx
[DocHub] Scanned: 6655.xlsx
[DocHub] Scanned: 6656.xlsx
[DocHub] Scanned: 6657.xlsx
[DocHub] Scanned: 6658.xlsx
[DocHub] Scanned: 6659.xlsx
[DocHub] Scanned: 6660.xlsx
[DocHub] Scanned: 6661.xlsx
[DocHub] Scanned: 6662.xlsx
[DocHub] Scanned: 6663.xlsx
[DocHub] Scanned: 6664.xlsx
[DocHub] Scanned: 6665.xlsx
[DocHub] Scanned: 6666.xlsx
[DocHub] Scanned: 6667.xlsx
[DocHub] Scanned: 6668.xlsx
[DocHub] Scanned: 6669.xlsx
[DocHub] Scanned: 6670.xlsx
[DocHub] Scanned: 6671.xlsx
[DocHub] Scanned: 6672.xlsx
[DocHub] Scanned: 6673.xlsx
[DocHub] Scanned: 6674.xlsx
[DocHub] Scanned: 6675.xlsx
[DocHub] Scanned: 6676.xlsx
[DocHub] Scanned: 6677.xlsx
[DocHub] Scanned: 6678.xlsx
[DocHub] Scanned: 6679.xlsx
[DocHub] Scanned: 6680.xlsx
[DocHub] Scanned: 6681.xlsx
[DocHub] Scanned: 6682.xlsx
[DocHub] Scanned: 6683.xlsx
[DocHub] Scanned: 6684.xlsx
[DocHub] Scanned: 6685.xlsx
[DocHub] Scanned: 6686.xlsx
[DocHub] Scanned: 6687.xlsx
[DocHub] Scanned: 6688.xlsx
[DocHub] Scanned: 6689.xlsx
[DocHub] Scanned: 6690.xlsx
[DocHub] Scanned: 6691.xlsx
[DocHub] Scanned: 6692.xlsx
[DocHub] Scanned: 6693.xlsx
[DocHub] Scanned: 6694.xlsx
[DocHub] Scanned: 6695.xlsx
[DocHub] Scanned: 6696.xlsx
[DocHub] Scanned: 6697.xlsx
[DocHub] Scanned: 6698.xlsx
[DocHub] Scanned: 6699.xlsx
[DocHub] Scanned: 6700.xlsx
[DocHub] Scanned: 6701.xlsx
[DocHub] Scanned: 6702.xlsx
[DocHub] Scanned: 6703.xlsx
[DocHub] Scanned: 6704.xlsx
[DocHub] Scanned: 6705.xlsx
[DocHub] Scanned: 6706.xlsx
[DocHub] Scanned: 6707.xlsx
[DocHub] Scanned: 6708.xlsx
[DocHub] Scanned: 6709.xlsx
[DocHub] Scanned: 6710.xlsx
[DocHub] Scanned: 6711.xlsx
[DocHub] Scanned: 6730.xlsx
[DocHub] Scanned: 6731.xlsx
[DocHub] Scanned: 6732.xlsx
[DocHub] Scanned: 6733.xlsx
[DocHub] Scanned: 6734.xlsx
[DocHub] Scanned: 6735.xlsx
[DocHub] Scanned: 6736.xlsx
[DocHub] Scanned: 6737.xlsx
[DocHub] Scanned: 6738.xlsx
[DocHub] Scanned: 6739.xlsx
[DocHub] Scanned: 6740.xlsx
[DocHub] Scanned: 6741.xlsx
[DocHub] Scanned: 6742.xlsx
[DocHub] Scanned: 6743.xlsx
[DocHub] Scanned: 6744.xlsx
[DocHub] Scanned: 6745.xlsx
[DocHub] Scanned: 6746.xlsx
[DocHub] Scanned: 6747.xlsx
[DocHub] Scanned: 6748.xlsx
[DocHub] Scanned: 6749.xlsx
[DocHub] Scanned: 6750.xlsx
[DocHub] Scanned: 6751.xlsx
[DocHub] Scanned: 6752.xlsx
[DocHub] Scanned: 6753.xlsx
[DocHub] Scanned: 6754.xlsx
[DocHub] Scanned: 6755.xlsx
[DocHub] Scanned: 6756.xlsx
[DocHub] Scanned: 6757.xlsx
[DocHub] Scanned: 6758.xlsx
[DocHub] Scanned: 6759.xlsx
[DocHub] Scanned: 6760.xlsx
[DocHub] Scanned: 6761..xlsx
[DocHub] Scanned: 6761.xlsx
[DocHub] Scanned: 6762..xlsx
[DocHub] Scanned: 6762.xlsx
[DocHub] Scanned: 6763..xlsx
[DocHub] Scanned: 6763.xlsx
[DocHub] Scanned: 6764..xlsx
[DocHub] Scanned: 6764.xlsx
[DocHub] Scanned: 6765.xlsx
[DocHub] Scanned: 6766.xlsx
[DocHub] Scanned: 6767.xlsx
[DocHub] Scanned: 6768.xlsx
[DocHub] Scanned: 6769.xlsx
[DocHub] Scanned: 6770.xlsx
[DocHub] Scanned: 6771.xlsx
[DocHub] Scanned: 6772.xlsx
[DocHub] Scanned: 6773.xlsx
[DocHub] Scanned: 6774.xlsx
[DocHub] Scanned: 6775.xlsx
[DocHub] Scanned: 6776.xlsx
[DocHub] Scanned: 6777.xlsx
[DocHub] Scanned: 6778.xlsx
[DocHub] Scanned: 6779.xlsx
[DocHub] Scanned: 6780.xlsx
[DocHub] Scanned: 6781.xlsx
[DocHub] Scanned: 6782.xlsx
[DocHub] Scanned: 6783.xlsx
[DocHub] Scanned: 6784.xlsx
[DocHub] Scanned: 6785.xlsx
[DocHub] Scanned: 6786.xlsx
[DocHub] Scanned: 6787.xlsx
[DocHub] Scanned: 6788.xlsx
[DocHub] Scanned: 6789.xlsx
[DocHub] Scanned: 6790.xlsx
[DocHub] Scanned: 6791.xlsx
[DocHub] Scanned: 6792.xlsx
[DocHub] Scanned: 6793.xlsx
[DocHub] Scanned: 6794.xlsx
[DocHub] Scanned: 6795.xlsx
[DocHub] Scanned: 6796.xlsx
[DocHub] Scanned: 6797.xlsx
[DocHub] Scanned: 6798.xlsx
[DocHub] Scanned: 6799.xlsx
[DocHub] Scanned: 6800.xlsx
[DocHub] Scanned: 6801.xlsx
[DocHub] Scanned: 6802.xlsx
[DocHub] Scanned: 6803.xlsx
[DocHub] Scanned: 6804.xlsx
[DocHub] Scanned: 6805.xlsx
[DocHub] Scanned: 6806.xlsx
[DocHub] Scanned: 6811.xlsx
[DocHub] Scanned: 6812.xlsx
[DocHub] Scanned: 6813.xlsx
[DocHub] Scanned: 6814.xlsx
[DocHub] Scanned: 6815.xlsx
[DocHub] Scanned: 6816.xlsx
[DocHub] Scanned: 6817.xlsx
[DocHub] Scanned: 6818.xlsx
[DocHub] Scanned: 6819.xlsx
[DocHub] Scanned: 6820.xlsx
[DocHub] Scanned: 6821.xlsx
[DocHub] Scanned: 6822.xlsx
[DocHub] Scanned: 6823.xlsx
[DocHub] Scanned: 6824.xlsx
[DocHub] Scanned: 6825.xlsx
[DocHub] Scanned: 6826.xlsx
[DocHub] Scanned: 6827.xlsx
[DocHub] Scanned: 6828.xlsx
[DocHub] Scanned: 6829.xlsx
[DocHub] Scanned: 6830.xlsx
[DocHub] Scanned: 6831.xlsx
[DocHub] Scanned: 6832.xlsx
[DocHub] Scanned: 6833.xlsx
[DocHub] Scanned: 6834.xlsx
[DocHub] Scanned: 6835.xlsx
[DocHub] Scanned: 6836.xlsx
[DocHub] Scanned: 6837.xlsx
[DocHub] Scanned: 6838.xlsx
[DocHub] Scanned: 6839.xlsx
[DocHub] Scanned: 6840.xlsx
[DocHub] Scanned: 6841.xlsx
[DocHub] Scanned: 6842.xlsx
[DocHub] Scanned: 6843.xlsx
[DocHub] Scanned: 6844.xlsx
[DocHub] Scanned: 6845.xlsx
[DocHub] Scanned: 6846.xlsx
[DocHub] Scanned: 6847.xlsx
[DocHub] Scanned: 6848.xlsx
[DocHub] Scanned: 6849.xlsx
[DocHub] Scanned: 6850.xlsx
[DocHub] Scanned: 6851.xlsx
[DocHub] Scanned: 6852.xlsx
[DocHub] Scanned: 6853.xlsx
[DocHub] Scanned: 6855.xlsx
[DocHub] Scanned: 6856.xlsx
[DocHub] Scanned: 6857.xlsx
[DocHub] Scanned: 6858.xlsx
[DocHub] Scanned: 6859.xlsx
[DocHub] Scanned: 6860.xlsx
[DocHub] Scanned: 6861.xlsx
[DocHub] Scanned: 6862.xlsx
[DocHub] Scanned: 6863.xlsx
[DocHub] Scanned: 6864.xlsx
[DocHub] Scanned: 6865.xlsx
[DocHub] Scanned: 6866.xlsx
[DocHub] Scanned: 6867.xlsx
[DocHub] Scanned: 6868.xlsx
[DocHub] Scanned: 6869.xlsx
[DocHub] Scanned: 6870.xlsx
[DocHub] Scanned: 6871.xlsx
[DocHub] Scanned: 6872.xlsx
[DocHub] Scanned: 6873.xlsx
[DocHub] Scanned: 6874.xlsx
[DocHub] Scanned: 6875.xlsx
[DocHub] Scanned: 6876.xlsx
[DocHub] Scanned: 6877.xlsx
[DocHub] Scanned: 6878.xlsx
[DocHub] Scanned: 6879.xlsx
[DocHub] Scanned: 6880.xlsx
[DocHub] Scanned: 6881.xlsx
[DocHub] Scanned: 6882.xlsx
[DocHub] Scanned: 6883.xlsx
[DocHub] Scanned: 6884.xlsx
[DocHub] Scanned: 6885.xlsx
[DocHub] Scanned: 6886.xlsx
[DocHub] Scanned: 6887.xlsx
[DocHub] Scanned: 6888.xlsx
[DocHub] Scanned: 6889.xlsx
[DocHub] Scanned: 6890.xlsx
[DocHub] Scanned: 6891.xlsx
[DocHub] Scanned: 6892.xlsx
[DocHub] Scanned: 6893.xlsx
[DocHub] Scanned: 6894.xlsx
[DocHub] Scanned: 6895.xlsx
[DocHub] Scanned: 6896.xlsx
[DocHub] Scanned: 6897.xlsx
[DocHub] Scanned: 6898.xlsx
[DocHub] Scanned: 6899.xlsx
[DocHub] Scanned: 6900.xlsx
[DocHub] Scanned: 6901.xlsx
[DocHub] Scanned: 6902.xlsx
[DocHub] Scanned: 6903.xlsx
[DocHub] Scanned: 6904.xlsx
[DocHub] Scanned: 6905.xlsx
[DocHub] Scanned: 6906.xlsx
[DocHub] Scanned: 6907.xlsx
[DocHub] Scanned: 6908.xlsx
[DocHub] Scanned: 6909.xlsx
[DocHub] Scanned: 6910.xlsx
[DocHub] Scanned: 6911.xlsx
[DocHub] Scanned: 6912.xlsx
[DocHub] Scanned: 6913.xlsx
[DocHub] Scanned: 6914.xlsx
[DocHub] Scanned: 6915.xlsx
[DocHub] Scanned: 6916.xlsx
[DocHub] Scanned: 6917.xlsx
[DocHub] Scanned: 6918.xlsx
[DocHub] Scanned: 6919.xlsx
[DocHub] Scanned: 6920.xlsx
[DocHub] Scanned: 6921.xlsx
[DocHub] Scanned: 6922.xlsx
[DocHub] Scanned: 6923.xlsx
[DocHub] Scanned: 6924.xlsx
[DocHub] Scanned: 6925.xlsx
[DocHub] Scanned: 6926.xlsx
[DocHub] Scanned: 6927.xlsx
[DocHub] Scanned: 6928.xlsx
[DocHub] Scanned: 6929.xlsx
[DocHub] Scanned: 6930.xlsx
[DocHub] Scanned: 6931.xlsx
[DocHub] Scanned: 6932.xlsx
[DocHub] Scanned: 6933.xlsx
[DocHub] Scanned: 6934.xlsx
[DocHub] Scanned: 6935.xlsx
[DocHub] Scanned: 6936.xlsx
[DocHub] Scanned: 6937.xlsx
[DocHub] Scanned: 6938.xlsx
[DocHub] Scanned: 6939.xlsx
[DocHub] Scanned: 6940.xlsx
[DocHub] Scanned: 6941.xlsx
[DocHub] Scanned: 6942.xlsx
[DocHub] Scanned: 6943.xlsx
[DocHub] Scanned: 6944.xlsx
[DocHub] Scanned: 6945.xlsx
[DocHub] Scanned: 6946.xlsx
[DocHub] Scanned: 6947.xlsx
[DocHub] Scanned: 6948.xlsx
[DocHub] Scanned: 6949.xlsx
[DocHub] Scanned: 6950.xlsx
[DocHub] Scanned: 6951.xlsx
[DocHub] Scanned: 6952.xlsx
[DocHub] Scanned: 6953.xlsx
[DocHub] Scanned: 6954.xlsx
[DocHub] Scanned: 6955.xlsx
[DocHub] Scanned: 6956.xlsx
[DocHub] Scanned: 6957.xlsx
[DocHub] Scanned: 6958.xlsx
[DocHub] Scanned: 6959.xlsx
[DocHub] Scanned: 6960.xlsx
[DocHub] Scanned: 6961.xlsx
[DocHub] Scanned: 6962.xlsx
[DocHub] Scanned: 6963.xlsx
[DocHub] Scanned: 6964.xlsx
[DocHub] Scanned: 6965.xlsx
[DocHub] Scanned: 6966.xlsx
[DocHub] Scanned: 6967.xlsx
[DocHub] Scanned: 6968.xlsx
[DocHub] Scanned: 6969.xlsx
[DocHub] Scanned: 6970.xlsx
[DocHub] Scanned: 6971.xlsx
[DocHub] Scanned: 6972.xlsx
[DocHub] Scanned: 6973.xlsx
[DocHub] Scanned: 6974.xlsx
[DocHub] Scanned: 6975.xlsx
[DocHub] Scanned: 6976.xlsx
[DocHub] Scanned: 6977.xlsx
[DocHub] Scanned: 6978.xlsx
[DocHub] Scanned: 6979.xlsx
[DocHub] Scanned: 6980.xlsx
[DocHub] Scanned: 6981.xlsx
[DocHub] Scanned: 6982.xlsx
[DocHub] Scanned: 6983.xlsx
[DocHub] Scanned: 6984.xlsx
[DocHub] Scanned: 6985.xlsx
[DocHub] Scanned: 6986.xlsx
[DocHub] Scanned: 6987.xlsx
[DocHub] Scanned: 6988.xlsx
[DocHub] Scanned: 6989.xlsx
[DocHub] Scanned: 6990.xlsx
[DocHub] Scanned: 6991.xlsx
[DocHub] Scanned: 6992.xlsx
[DocHub] Scanned: 6993.xlsx
[DocHub] Scanned: 6994.xlsx
[DocHub] Scanned: 6995.xlsx
[DocHub] Scanned: 6996.xlsx
[DocHub] Scanned: 6997.xlsx
[DocHub] Scanned: 6998.xlsx
[DocHub] Scanned: 7000.xlsx
[DocHub] Scanned: 7001.xlsx
[DocHub] Scanned: 7002.xlsx
[DocHub] Scanned: 7003.xlsx
[DocHub] Scanned: 7004.xlsx
[DocHub] Scanned: 7005.xlsx
[DocHub] Scanned: 7006.xlsx
[DocHub] Scanned: 7007.xlsx
[DocHub] Scanned: 7008.xlsx
[DocHub] Scanned: 7009.xlsx
[DocHub] Scanned: 7010.xlsx
[DocHub] Scanned: 7011.xlsx
[DocHub] Scanned: 7012.xlsx
[DocHub] Scanned: 7013.xlsx
[DocHub] Scanned: 7014.xlsx
[DocHub] Scanned: 7015.xlsx
[DocHub] Scanned: 7016.xlsx
[DocHub] Scanned: 7017.xlsx
[DocHub] Scanned: 7018.xlsx
[DocHub] Scanned: 7019.xlsx
[DocHub] Scanned: 7020.xlsx
[DocHub] Scanned: 7021.xlsx
[DocHub] Scanned: 7022.xlsx
[DocHub] Scanned: 7023.xlsx
[DocHub] Scanned: 7024.xlsx
[DocHub] Scanned: 7025.xlsx
[DocHub] Scanned: 7026.xlsx
[DocHub] Scanned: 7027.xlsx
[DocHub] Scanned: 7028.xlsx
[DocHub] Scanned: 7029.xlsx
[DocHub] Scanned: 7030.xlsx
[DocHub] Scanned: 7031.xlsx
[DocHub] Scanned: 7032.xlsx
[DocHub] Scanned: 7033.xlsx
[DocHub] Scanned: 7034.xlsx
[DocHub] Scanned: 7035.xlsx
[DocHub] Scanned: 7036.xlsx
[DocHub] Scanned: 7037.xlsx
[DocHub] Scanned: 7038.xlsx
[DocHub] Scanned: 7039.xlsx
[DocHub] Scanned: 7040.xlsx
[DocHub] Scanned: 7041.xlsx
[DocHub] Scanned: 7042.xlsx
[DocHub] Scanned: 7043.xlsx
[DocHub] Scanned: 7044.xlsx
[DocHub] Scanned: 7045.xlsx
[DocHub] Scanned: 7046.xlsx
[DocHub] Scanned: 7047.xlsx
[DocHub] Scanned: 7048.xlsx
[DocHub] Scanned: 7049.xlsx
[DocHub] Scanned: 7050.xlsx
[DocHub] Scanned: 7051.xlsx
[DocHub] Scanned: 7052.xlsx
[DocHub] Scanned: 7053.xlsx
[DocHub] Scanned: 7054.xlsx
[DocHub] Scanned: 7055.xlsx
[DocHub] Scanned: 7056.xlsx
[DocHub] Scanned: 7057.xlsx
[DocHub] Scanned: 7058.xlsx
[DocHub] Scanned: 7059.xlsx
[DocHub] Scanned: 7060.xlsx
[DocHub] Scanned: 7061.xlsx
[DocHub] Scanned: 7062.xlsx
[DocHub] Scanned: 7063.xlsx
[DocHub] Scanned: 7064.xlsx
[DocHub] Scanned: 7065.xlsx
[DocHub] Scanned: 7066.xlsx
[DocHub] Scanned: 7067.xlsx
[DocHub] Scanned: 7068.xlsx
[DocHub] Scanned: 7069.xlsx
[DocHub] Scanned: 7070.xlsx
[DocHub] Scanned: 7071.xlsx
[DocHub] Scanned: 7072.xlsx
[DocHub] Scanned: 7073.xlsx
[DocHub] Scanned: 7074.xlsx
[DocHub] Scanned: 7075.xlsx
[DocHub] Scanned: 7076.xlsx
[DocHub] Scanned: 7077.xlsx
[DocHub] Scanned: 7078.xlsx
[DocHub] Scanned: 7079.xlsx
[DocHub] Scanned: 7080.xlsx
[DocHub] Scanned: 7081.xlsx
[DocHub] Scanned: 7082.xlsx
[DocHub] Scanned: 7083.xlsx
[DocHub] Scanned: 7084.xlsx
[DocHub] Scanned: 7085.xlsx
[DocHub] Scanned: 7086.xlsx
[DocHub] Scanned: 7087.xlsx
[DocHub] Scanned: 7088.xlsx
[DocHub] Scanned: 7089.xlsx
[DocHub] Scanned: 7090.xlsx
[DocHub] Scanned: 7091.xlsx
[DocHub] Scanned: 7092.xlsx
[DocHub] Scanned: 7093.xlsx
[DocHub] Scanned: 7094.xlsx
[DocHub] Scanned: 7095.xlsx
[DocHub] Scanned: 7096.xlsx
[DocHub] Scanned: 7097.xlsx
[DocHub] Scanned: 7098.xlsx
[DocHub] Scanned: 7099.xlsx
[DocHub] Scanned: 7100.xlsx
[DocHub] Scanned: 7101.xlsx
[DocHub] Scanned: 7102.xlsx
[DocHub] Scanned: 7103.xlsx
[DocHub] Scanned: 7104.xlsx
[DocHub] Scanned: 7105.xlsx
[DocHub] Scanned: 7106.xlsx
[DocHub] Scanned: 7107.xlsx
[DocHub] Scanned: 7108.xlsx
[DocHub] Scanned: 7109.xlsx
[DocHub] Scanned: 7110.xlsx
[DocHub] Scanned: 7111.xlsx
[DocHub] Scanned: 7112.xlsx
[DocHub] Scanned: 7113.xlsx
[DocHub] Scanned: 7114.xlsx
[DocHub] Scanned: 7115.xlsx
[DocHub] Scanned: 7116.xlsx
[DocHub] Scanned: 7117.xlsx
[DocHub] Scanned: 7118.xlsx
[DocHub] Scanned: 7119.xlsx
[DocHub] Scanned: 7120.xlsx
[DocHub] Scanned: 7121.xlsx
[DocHub] Scanned: 7122.xlsx
[DocHub] Scanned: 7123.xlsx
[DocHub] Scanned: 7124.xlsx
[DocHub] Scanned: 7125.xlsx
[DocHub] Scanned: 7126.xlsx
[DocHub] Scanned: 7127.xlsx
[DocHub] Scanned: 7128.xlsx
[DocHub] Scanned: 7129.xlsx
[DocHub] Scanned: 7130.xlsx
[DocHub] Scanned: 7131.xlsx
[DocHub] Scanned: 7132.xlsx
[DocHub] Scanned: 7133.xlsx
[DocHub] Scanned: 7134.xlsx
[DocHub] Scanned: 7135.xlsx
[DocHub] Scanned: 7136.xlsx
[DocHub] Scanned: 7137.xlsx
[DocHub] Scanned: 7138.xlsx
[DocHub] Scanned: 7139.xlsx
[DocHub] Scanned: 7140.xlsx
[DocHub] Scanned: 7141.xlsx
[DocHub] Scanned: 7142.xlsx
[DocHub] Scanned: 7143.xlsx
[DocHub] Scanned: 7144.xlsx
[DocHub] Scanned: 7145.xlsx
[DocHub] Scanned: 7146.xlsx
[DocHub] Scanned: 7147.xlsx
[DocHub] Scanned: 7148.xlsx
[DocHub] Scanned: 7149.xlsx
[DocHub] Scanned: 7150.xlsx
[DocHub] Scanned: 7151.xlsx
[DocHub] Scanned: 7152.xlsx
[DocHub] Scanned: 7153.xlsx
[DocHub] Scanned: 7154.xlsx
[DocHub] Scanned: 7155.xlsx
[DocHub] Scanned: 7156.xlsx
[DocHub] Scanned: 7157.xlsx
[DocHub] Scanned: 7158.xlsx
[DocHub] Scanned: 7159.xlsx
[DocHub] Scanned: 7160.xlsx
[DocHub] Scanned: 7161.xlsx
[DocHub] Scanned: 7162.xlsx
[DocHub] Scanned: 7163.xlsx
[DocHub] Scanned: 7164.xlsx
[DocHub] Scanned: 7165.xlsx
[DocHub] Scanned: 7166.xlsx
[DocHub] Scanned: 7167.xlsx
[DocHub] Scanned: 7168.xlsx
[DocHub] Scanned: 7169.xlsx
[DocHub] Scanned: 7170.xlsx
[DocHub] Scanned: 7171.xlsx
[DocHub] Scanned: 7172.xlsx
[DocHub] Scanned: 7173.xlsx
[DocHub] Scanned: 7174.xlsx
[DocHub] Scanned: 7175.xlsx
[DocHub] Scanned: 7176.xlsx
[DocHub] Scanned: 7177.xlsx
[DocHub] Scanned: 7178.xlsx
[DocHub] Scanned: 7179.xlsx
[DocHub] Scanned: 7180.xlsx
[DocHub] Scanned: 7181.xlsx
[DocHub] Scanned: 7182.xlsx
[DocHub] Scanned: 7183.xlsx
[DocHub] Scanned: 7184.xlsx
[DocHub] Scanned: 7185.xlsx
[DocHub] Scanned: 7186.xlsx
[DocHub] Scanned: 7187.xlsx
[DocHub] Scanned: 7188.xlsx
[DocHub] Scanned: 7189.xlsx
[DocHub] Scanned: 7190.xlsx
[DocHub] Scanned: 7191.xlsx
[DocHub] Scanned: 7192.xlsx
[DocHub] Scanned: 7193.xlsx
[DocHub] Scanned: 7194.xlsx
[DocHub] Scanned: 7195.xlsx
[DocHub] Scanned: 7196.xlsx
[DocHub] Scanned: 7197.xlsx
[DocHub] Scanned: 7198.xlsx
[DocHub] Scanned: 7199.xlsx
[DocHub] Scanned: 7200.xlsx
[DocHub] Scanned: 7201.xlsx
[DocHub] Scanned: 7202.xlsx
[DocHub] Scanned: 7203.xlsx
[DocHub] Scanned: 7204.xlsx
[DocHub] Scanned: 7205.xlsx
[DocHub] Scanned: 7206.xlsx
[DocHub] Scanned: 7207.xlsx
[DocHub] Scanned: 7208.xlsx
[DocHub] Scanned: 7209.xlsx
[DocHub] Scanned: 7210.xlsx
[DocHub] Scanned: 7211.xlsx
[DocHub] Scanned: 7212.xlsx
[DocHub] Scanned: 7213.xlsx
[DocHub] Scanned: 7214.xlsx
[DocHub] Scanned: 7215.xlsx
[DocHub] Scanned: 7216.xlsx
[DocHub] Scanned: 7217.xlsx
[DocHub] Scanned: 7218.xlsx
[DocHub] Scanned: 7219.xlsx
[DocHub] Scanned: 7220.xlsx
[DocHub] Scanned: 7221.xlsx
[DocHub] Scanned: 7222.xlsx
[DocHub] Scanned: 7223.xlsx
[DocHub] Scanned: 7224.xlsx
[DocHub] Scanned: 7225.xlsx
[DocHub] Scanned: 7226.xlsx
[DocHub] Scanned: 7227.xlsx
[DocHub] Scanned: 7228.xlsx
[DocHub] Scanned: 7229.xlsx
[DocHub] Scanned: 7230.xlsx
[DocHub] Scanned: 7231.xlsx
[DocHub] Scanned: 7232.xlsx
[DocHub] Scanned: 7233.xlsx
[DocHub] Scanned: 7234.xlsx
[DocHub] Scanned: 7235.xlsx
[DocHub] Scanned: 7236.xlsx
[DocHub] Scanned: 7237.xlsx
[DocHub] Scanned: 7238.xlsx
[DocHub] Scanned: 7239.xlsx
[DocHub] Scanned: 7240.xlsx
[DocHub] Scanned: 7241.xlsx
[DocHub] Scanned: 7242.xlsx
[DocHub] Scanned: 7243.xlsx
[DocHub] Scanned: 7244.xlsx
[DocHub] Scanned: 7245.xlsx
[DocHub] Scanned: 7246.xlsx
[DocHub] Scanned: 7247.xlsx
[DocHub] Scanned: 7248.xlsx
[DocHub] Scanned: 7249.xlsx
[DocHub] Scanned: 7250.xlsx
[DocHub] Scanned: 7251.xlsx
[DocHub] Scanned: 7252.xlsx
[DocHub] Scanned: 7253.xlsx
[DocHub] Scanned: 7254.xlsx
[DocHub] Scanned: 7255.xlsx
[DocHub] Scanned: 7256.xlsx
[DocHub] Scanned: 7257.xlsx
[DocHub] Scanned: 7258.xlsx
[DocHub] Scanned: 7259.xlsx
[DocHub] Scanned: 7260.xlsx
[DocHub] Scanned: 7261.xlsx
[DocHub] Scanned: 7262.xlsx
[DocHub] Scanned: 7263.xlsx
[DocHub] Scanned: 7264.xlsx
[DocHub] Scanned: 7265.xlsx
[DocHub] Scanned: 7266.xlsx
[DocHub] Scanned: 7267.xlsx
[DocHub] Scanned: 7268.xlsx
[DocHub] Scanned: 7269.xlsx
[DocHub] Scanned: 7270.xlsx
[DocHub] Scanned: 7271.xlsx
[DocHub] Scanned: 7272.xlsx
[DocHub] Scanned: 7273.xlsx
[DocHub] Scanned: 7274.xlsx
[DocHub] Scanned: 7275.xlsx
[DocHub] Scanned: 7276.xlsx
[DocHub] Scanned: 7277.xlsx
[DocHub] Scanned: 7278.xlsx
[DocHub] Scanned: 7279.xlsx
[DocHub] Scanned: 7280.xlsx
[DocHub] Scanned: 7281.xlsx
[DocHub] Scanned: 7282.xlsx
[DocHub] Scanned: 7283.xlsx
[DocHub] Scanned: 7284.xlsx
[DocHub] Scanned: 7285.xlsx
[DocHub] Scanned: 7286.xlsx
[DocHub] Scanned: 7287.xlsx
[DocHub] Scanned: 7288.xlsx
[DocHub] Scanned: 7289.xlsx
[DocHub] Scanned: 7290.xlsx
[DocHub] Scanned: 7291.xlsx
[DocHub] Scanned: 7292.xlsx
[DocHub] Scanned: 7293.xlsx
[DocHub] Scanned: 7294.xlsx
[DocHub] Scanned: 7295.xlsx
[DocHub] Scanned: 7296.xlsx
[DocHub] Scanned: 7297.xlsx
[DocHub] Scanned: 7298.xlsx
[DocHub] Scanned: 7299.xlsx
[DocHub] Scanned: 7300.xlsx
[DocHub] Scanned: 7301.xlsx
[DocHub] Scanned: 7302.xlsx
[DocHub] Scanned: 7303.xlsx
[DocHub] Scanned: 7304.xlsx
[DocHub] Scanned: 7305.xlsx
[DocHub] Scanned: 7306.xlsx
[DocHub] Scanned: 7307.xlsx
[DocHub] Scanned: 7308.xlsx
[DocHub] Scanned: 7309.xlsx
[DocHub] Scanned: 7310.xlsx
[DocHub] Scanned: 7311.xlsx
[DocHub] Scanned: 7312.xlsx
[DocHub] Scanned: 7313.xlsx
[DocHub] Scanned: 7314.xlsx
[DocHub] Scanned: 7315.xlsx
[DocHub] Scanned: 7316.xlsx
[DocHub] Scanned: 7317.xlsx
[DocHub] Scanned: 7318.xlsx
[DocHub] Scanned: 7319.xlsx
[DocHub] Scanned: 7320.xlsx
[DocHub] Scanned: 7321.xlsx
[DocHub] Scanned: 7322.xlsx
[DocHub] Scanned: 7323.xlsx
[DocHub] Scanned: 7324.xlsx
[DocHub] Scanned: 7325.xlsx
[DocHub] Scanned: 7326.xlsx
[DocHub] Scanned: 7327.xlsx
[DocHub] Scanned: 7328.xlsx
[DocHub] Scanned: 7329.xlsx
[DocHub] Scanned: 7330.xlsx
[DocHub] Scanned: 7331.xlsx
[DocHub] Scanned: 7332.xlsx
[DocHub] Scanned: 7333.xlsx
[DocHub] Scanned: 7334.xlsx
[DocHub] Scanned: 7335.xlsx
[DocHub] Scanned: 7336.xlsx
[DocHub] Scanned: 7337.xlsx
[DocHub] Scanned: 7338.xlsx
[DocHub] Scanned: 7339.xlsx
[DocHub] Scanned: 7340.xlsx
[DocHub] Scanned: 7341.xlsx
[DocHub] Scanned: 7342.xlsx
[DocHub] Scanned: 7343.xlsx
[DocHub] Scanned: 7344.xlsx
[DocHub] Scanned: 7345.xlsx
[DocHub] Scanned: 7346.xlsx
[DocHub] Scanned: 7347.xlsx
[DocHub] Scanned: 7348.xlsx
[DocHub] Scanned: 7349.xlsx
[DocHub] Scanned: 7350.xlsx
[DocHub] Scanned: 7351.xlsx
[DocHub] Scanned: 7352.xlsx
[DocHub] Scanned: ~$6961.xlsx
[DocHub] Scanned: 安全阀报告模板终.xlsx
[DocHub] Scanned: 11-6919.xlsx
[DocHub] Scanned: 11-6920.xlsx
[DocHub] Scanned: 三元实业12.26.xlsx
[DocHub] Scanned: 天元气体12.15.xlsx
[DocHub] Scanned: 天和气体12.15.xlsx
[DocHub] Scanned: 锦润水产品12.15.xlsx
[DocHub] Scanned: 北极熊清单11.16.xlsx
[DocHub] Scanned: 北极熊清单11.21.xlsx
[DocHub] Scanned: 北极熊清单11.24.xlsx
[DocHub] Scanned: 同辉气体11.21.xlsx
[DocHub] Scanned: 玄德生物科技12.14.xlsx
[DocHub] Scanned: 科伦药业12.18.xlsx
[DocHub] Scanned: 贵州山味鲜生食品科技有限公司12.18.xlsx
[DocHub] Scanned: 鑫荣诚实业11.30.xlsx
[DocHub] Scanned: 黄果树纸业.xlsx
[DocHub] Scanned: 0955.xlsx
[DocHub] Scanned: 2610.xlsx
[DocHub] Scanned: 2613.xlsx
[DocHub] Scanned: 2614.xlsx
[DocHub] Scanned: 2615.xlsx
[DocHub] Scanned: 2616.xlsx
[DocHub] Scanned: 2617.xlsx
[DocHub] Scanned: 2618.xlsx
[DocHub] Scanned: 2619.xlsx
[DocHub] Scanned: 2620.xlsx
[DocHub] Scanned: 2621.xlsx
[DocHub] Scanned: 2622.xlsx
[DocHub] Scanned: 2623.xlsx
[DocHub] Scanned: 2624.xlsx
[DocHub] Scanned: 2625.xlsx
[DocHub] Scanned: 2626.xlsx
[DocHub] Scanned: 2627.xlsx
[DocHub] Scanned: 2628.xlsx
[DocHub] Scanned: 2629.xlsx
[DocHub] Scanned: 2630.xlsx
[DocHub] Scanned: 2631.xlsx
[DocHub] Scanned: 2632.xlsx
[DocHub] Scanned: 2633.xlsx
[DocHub] Scanned: 2634.xlsx
[DocHub] Scanned: 2635.xlsx
[DocHub] Scanned: 2636.xlsx
[DocHub] Scanned: 2637.xlsx
[DocHub] Scanned: 2638.xlsx
[DocHub] Scanned: 2639.xlsx
[DocHub] Scanned: 2640.xlsx
[DocHub] Scanned: 2641.xlsx
[DocHub] Scanned: 2642.xlsx
[DocHub] Scanned: 2643.xlsx
[DocHub] Scanned: 2644.xlsx
[DocHub] Scanned: 2645.xlsx
[DocHub] Scanned: 2646.xlsx
[DocHub] Scanned: 2647.xlsx
[DocHub] Scanned: 2648.xlsx
[DocHub] Scanned: 2649.xlsx
[DocHub] Scanned: 2650.xlsx
[DocHub] Scanned: 2651.xlsx
[DocHub] Scanned: 2652.xlsx
[DocHub] Scanned: 2653.xlsx
[DocHub] Scanned: 2654.xlsx
[DocHub] Scanned: 2655.xlsx
[DocHub] Scanned: 2656.xlsx
[DocHub] Scanned: 2657.xlsx
[DocHub] Scanned: 2658.xlsx
[DocHub] Scanned: 2659.xlsx
[DocHub] Scanned: 2660.xlsx
[DocHub] Scanned: 2661.xlsx
[DocHub] Scanned: 2662.xlsx
[DocHub] Scanned: 2663.xlsx
[DocHub] Scanned: 2664.xlsx
[DocHub] Scanned: 2665.xlsx
[DocHub] Scanned: 2666.xlsx
[DocHub] Scanned: 2667.xlsx
[DocHub] Scanned: 2668.xlsx
[DocHub] Scanned: 2669.xlsx
[DocHub] Scanned: 2670.xlsx
[DocHub] Scanned: 2671.xlsx
[DocHub] Scanned: 2672.xlsx
[DocHub] Scanned: 2673.xlsx
[DocHub] Scanned: 2674.xlsx
[DocHub] Scanned: 2675.xlsx
[DocHub] Scanned: 2676.xlsx
[DocHub] Scanned: 2677.xlsx
[DocHub] Scanned: 2678.xlsx
[DocHub] Scanned: 2679.xlsx
[DocHub] Scanned: 2680.xlsx
[DocHub] Scanned: 2681.xlsx
[DocHub] Scanned: 2682.xlsx
[DocHub] Scanned: 2683.xlsx
[DocHub] Scanned: 2684.xlsx
[DocHub] Scanned: 2685.xlsx
[DocHub] Scanned: 2686.xlsx
[DocHub] Scanned: 2687.xlsx
[DocHub] Scanned: 2688.xlsx
[DocHub] Scanned: 2689.xlsx
[DocHub] Scanned: 2690.xlsx
[DocHub] Scanned: 2691.xlsx
[DocHub] Scanned: 2692.xlsx
[DocHub] Scanned: 2693.xlsx
[DocHub] Scanned: 2694.xlsx
[DocHub] Scanned: 2695.xlsx
[DocHub] Scanned: 2696.xlsx
[DocHub] Scanned: 2697.xlsx
[DocHub] Scanned: 2698.xlsx
[DocHub] Scanned: 2699.xlsx
[DocHub] Scanned: 2700.xlsx
[DocHub] Scanned: 2701.xlsx
[DocHub] Scanned: 2702.xlsx
[DocHub] Scanned: 2703.xlsx
[DocHub] Scanned: 2704.xlsx
[DocHub] Scanned: 2706.xlsx
[DocHub] Scanned: 2707.xlsx
[DocHub] Scanned: 2708.xlsx
[DocHub] Scanned: 2709.xlsx
[DocHub] Scanned: 2710.xlsx
[DocHub] Scanned: 2711.xlsx
[DocHub] Scanned: 2712.xlsx
[DocHub] Scanned: 2713.xlsx
[DocHub] Scanned: 2714.xlsx
[DocHub] Scanned: 2715.xlsx
[DocHub] Scanned: 2716.xlsx
[DocHub] Scanned: 2717.xlsx
[DocHub] Scanned: 2718.xlsx
[DocHub] Scanned: 2719.xlsx
[DocHub] Scanned: 2720.xlsx
[DocHub] Scanned: 2721.xlsx
[DocHub] Scanned: 2722.xlsx
[DocHub] Scanned: 2723.xlsx
[DocHub] Scanned: 2724.xlsx
[DocHub] Scanned: 2725.xlsx
[DocHub] Scanned: 2726.xlsx
[DocHub] Scanned: 2727.xlsx
[DocHub] Scanned: 2728.xlsx
[DocHub] Scanned: 2729.xlsx
[DocHub] Scanned: 2730.xlsx
[DocHub] Scanned: 2731.xlsx
[DocHub] Scanned: 2732.xlsx
[DocHub] Scanned: 2733.xlsx
[DocHub] Scanned: 2734.xlsx
[DocHub] Scanned: 2735.xlsx
[DocHub] Scanned: 2736.xlsx
[DocHub] Scanned: 2737.xlsx
[DocHub] Scanned: 2738.xlsx
[DocHub] Scanned: 2739.xlsx
[DocHub] Scanned: 2740.xlsx
[DocHub] Scanned: 2741.xlsx
[DocHub] Scanned: 2742.xlsx
[DocHub] Scanned: 2743.xlsx
[DocHub] Scanned: 2744.xlsx
[DocHub] Scanned: 2745.xlsx
[DocHub] Scanned: 2746.xlsx
[DocHub] Scanned: 2747.xlsx
[DocHub] Scanned: 2748.xlsx
[DocHub] Scanned: 2749.xlsx
[DocHub] Scanned: 2750.xlsx
[DocHub] Scanned: 2751.xlsx
[DocHub] Scanned: 2752.xlsx
[DocHub] Scanned: 2753.xlsx
[DocHub] Scanned: 2754.xlsx
[DocHub] Scanned: 2755.xlsx
[DocHub] Scanned: 2756.xlsx
[DocHub] Scanned: 2757.xlsx
[DocHub] Scanned: 2758.xlsx
[DocHub] Scanned: 2759.xlsx
[DocHub] Scanned: 2760.xlsx
[DocHub] Scanned: 2761.xlsx
[DocHub] Scanned: 2762.xlsx
[DocHub] Scanned: 2763.xlsx
[DocHub] Scanned: 2764.xlsx
[DocHub] Scanned: 2765.xlsx
[DocHub] Scanned: 2766..xlsx
[DocHub] Scanned: 2766.xlsx
[DocHub] Scanned: 2767.xlsx
[DocHub] Scanned: 2768.xlsx
[DocHub] Scanned: 2769.xlsx
[DocHub] Scanned: 2770.xlsx
[DocHub] Scanned: 2771.xlsx
[DocHub] Scanned: 2772.xlsx
[DocHub] Scanned: 2773.xlsx
[DocHub] Scanned: 2774.xlsx
[DocHub] Scanned: 2775.xlsx
[DocHub] Scanned: 2776.xlsx
[DocHub] Scanned: 2777.xlsx
[DocHub] Scanned: 2778.xlsx
[DocHub] Scanned: 2779.xlsx
[DocHub] Scanned: 2780.xlsx
[DocHub] Scanned: 2781.xlsx
[DocHub] Scanned: 2782.xlsx
[DocHub] Scanned: 2783.xlsx
[DocHub] Scanned: 2784.xlsx
[DocHub] Scanned: 2785.xlsx
[DocHub] Scanned: 2786.xlsx
[DocHub] Scanned: 2787.xlsx
[DocHub] Scanned: 2788.xlsx
[DocHub] Scanned: 2789.xlsx
[DocHub] Scanned: 2790.xlsx
[DocHub] Scanned: 2791.xlsx
[DocHub] Scanned: 2792.xlsx
[DocHub] Scanned: 2793.xlsx
[DocHub] Scanned: 2794.xlsx
[DocHub] Scanned: 2795.xlsx
[DocHub] Scanned: 2797.xlsx
[DocHub] Scanned: 2798.xlsx
[DocHub] Scanned: 2799.xlsx
[DocHub] Scanned: 2800.xlsx
[DocHub] Scanned: 2801.xlsx
[DocHub] Scanned: 2802.xlsx
[DocHub] Scanned: 2803.xlsx
[DocHub] Scanned: 2804.xlsx
[DocHub] Scanned: 2805.xlsx
[DocHub] Scanned: 2806.xlsx
[DocHub] Scanned: 2807.xlsx
[DocHub] Scanned: 2808.xlsx
[DocHub] Scanned: 2809.xlsx
[DocHub] Scanned: 2810.xlsx
[DocHub] Scanned: 2811.xlsx
[DocHub] Scanned: 2812.xlsx
[DocHub] Scanned: 2813.xlsx
[DocHub] Scanned: 2814.xlsx
[DocHub] Scanned: 2815.xlsx
[DocHub] Scanned: 2816.xlsx
[DocHub] Scanned: 2817.xlsx
[DocHub] Scanned: 2818.xlsx
[DocHub] Scanned: 2819.xlsx
[DocHub] Scanned: 2820.xlsx
[DocHub] Scanned: 2821.xlsx
[DocHub] Scanned: 2822.xlsx
[DocHub] Scanned: 2823.xlsx
[DocHub] Scanned: 2824.xlsx
[DocHub] Scanned: 2825.xlsx
[DocHub] Scanned: 2826.xlsx
[DocHub] Scanned: 2827.xlsx
[DocHub] Scanned: 2828.xlsx
[DocHub] Scanned: 2829.xlsx
[DocHub] Scanned: 2830.xlsx
[DocHub] Scanned: 2831.xlsx
[DocHub] Scanned: 2832.xlsx
[DocHub] Scanned: 2833.xlsx
[DocHub] Scanned: 2834.xlsx
[DocHub] Scanned: 2835.xlsx
[DocHub] Scanned: 2836.xlsx
[DocHub] Scanned: 2837.xlsx
[DocHub] Scanned: 2838.xlsx
[DocHub] Scanned: 2839.xlsx
[DocHub] Scanned: 2840.xlsx
[DocHub] Scanned: 2841.xlsx
[DocHub] Scanned: 2842.xlsx
[DocHub] Scanned: 2843.xlsx
[DocHub] Scanned: 2844.xlsx
[DocHub] Scanned: 2845.xlsx
[DocHub] Scanned: 2846.xlsx
[DocHub] Scanned: 2847.xlsx
[DocHub] Scanned: 2848.xlsx
[DocHub] Scanned: 2849.xlsx
[DocHub] Scanned: 2850.xlsx
[DocHub] Scanned: 2851.xlsx
[DocHub] Scanned: 2852.xlsx
[DocHub] Scanned: 2853.xlsx
[DocHub] Scanned: 2854.xlsx
[DocHub] Scanned: 2855.xlsx
[DocHub] Scanned: 2856.xlsx
[DocHub] Scanned: 2858.xlsx
[DocHub] Scanned: 2859.xlsx
[DocHub] Scanned: 2860.xlsx
[DocHub] Scanned: 2861.xlsx
[DocHub] Scanned: 2862.xlsx
[DocHub] Scanned: 2863.xlsx
[DocHub] Scanned: 2864.xlsx
[DocHub] Scanned: 2865.xlsx
[DocHub] Scanned: 2866.xlsx
[DocHub] Scanned: 2867.xlsx
[DocHub] Scanned: 2868.xlsx
[DocHub] Scanned: 2869.xlsx
[DocHub] Scanned: 2870.xlsx
[DocHub] Scanned: 2871.xlsx
[DocHub] Scanned: 2872.xlsx
[DocHub] Scanned: 2873.xlsx
[DocHub] Scanned: 2874.xlsx
[DocHub] Scanned: 2875.xlsx
[DocHub] Scanned: 2876...xlsx
[DocHub] Scanned: 2876.xlsx
[DocHub] Scanned: 2877...xlsx
[DocHub] Scanned: 2877.xlsx
[DocHub] Scanned: 2878.xlsx
[DocHub] Scanned: 2879.xlsx
[DocHub] Scanned: 2880.xlsx
[DocHub] Scanned: 2881.xlsx
[DocHub] Scanned: 2882.xlsx
[DocHub] Scanned: 2883.xlsx
[DocHub] Scanned: 2884.xlsx
[DocHub] Scanned: 2885.xlsx
[DocHub] Scanned: 2886.xlsx
[DocHub] Scanned: 2887.xlsx
[DocHub] Scanned: 2888.xlsx
[DocHub] Scanned: 2889.xlsx
[DocHub] Scanned: 2890.xlsx
[DocHub] Scanned: 2891.xlsx
[DocHub] Scanned: 2892.xlsx
[DocHub] Scanned: 2893.xlsx
[DocHub] Scanned: 2894.xlsx
[DocHub] Scanned: 2895.xlsx
[DocHub] Scanned: 2896.xlsx
[DocHub] Scanned: 2897.xlsx
[DocHub] Scanned: 2898.xlsx
[DocHub] Scanned: 2899.xlsx
[DocHub] Scanned: 2900.xlsx
[DocHub] Scanned: 2901.xlsx
[DocHub] Scanned: 2902.xlsx
[DocHub] Scanned: 2903.xlsx
[DocHub] Scanned: 2904.xlsx
[DocHub] Scanned: 2905.xlsx
[DocHub] Scanned: 2906.xlsx
[DocHub] Scanned: 2907.xlsx
[DocHub] Scanned: 2908.xlsx
[DocHub] Scanned: 2909.xlsx
[DocHub] Scanned: 2910.xlsx
[DocHub] Scanned: 2911.xlsx
[DocHub] Scanned: 2912.xlsx
[DocHub] Scanned: 2913.xlsx
[DocHub] Scanned: 2914.xlsx
[DocHub] Scanned: 2915.xlsx
[DocHub] Scanned: 2916.xlsx
[DocHub] Scanned: 2917.xlsx
[DocHub] Scanned: 2918.xlsx
[DocHub] Scanned: 2919.xlsx
[DocHub] Scanned: 2920.xlsx
[DocHub] Scanned: 2921.xlsx
[DocHub] Scanned: 2922.xlsx
[DocHub] Scanned: 2923.xlsx
[DocHub] Scanned: 2924.xlsx
[DocHub] Scanned: 2925.xlsx
[DocHub] Scanned: 2926.xlsx
[DocHub] Scanned: 2927.xlsx
[DocHub] Scanned: 2928.xlsx
[DocHub] Scanned: 2929.xlsx
[DocHub] Scanned: 2930.xlsx
[DocHub] Scanned: 2931.xlsx
[DocHub] Scanned: 2932.xlsx
[DocHub] Scanned: 2933.xlsx
[DocHub] Scanned: 2934.xlsx
[DocHub] Scanned: 2935.xlsx
[DocHub] Scanned: 2936.xlsx
[DocHub] Scanned: 2937.xlsx
[DocHub] Scanned: 2938.xlsx
[DocHub] Scanned: 2939.xlsx
[DocHub] Scanned: 2940.xlsx
[DocHub] Scanned: 2941.xlsx
[DocHub] Scanned: 2942.xlsx
[DocHub] Scanned: 2943.xlsx
[DocHub] Scanned: 2944.xlsx
[DocHub] Scanned: 2945.xlsx
[DocHub] Scanned: 2946.xlsx
[DocHub] Scanned: 2947.xlsx
[DocHub] Scanned: 2948.xlsx
[DocHub] Scanned: 2949.xlsx
[DocHub] Scanned: 2950.xlsx
[DocHub] Scanned: 2951.xlsx
[DocHub] Scanned: 2952.xlsx
[DocHub] Scanned: 2953.xlsx
[DocHub] Scanned: 2954.xlsx
[DocHub] Scanned: 2955.xlsx
[DocHub] Scanned: 2956.xlsx
[DocHub] Scanned: 2957.xlsx
[DocHub] Scanned: 2958.xlsx
[DocHub] Scanned: 2959.xlsx
[DocHub] Scanned: 2960.xlsx
[DocHub] Scanned: 2961.xlsx
[DocHub] Scanned: 2962.xlsx
[DocHub] Scanned: 2963.xlsx
[DocHub] Scanned: 2964.xlsx
[DocHub] Scanned: 2965.xlsx
[DocHub] Scanned: 2966.xlsx
[DocHub] Scanned: 2967.xlsx
[DocHub] Scanned: 2968.xlsx
[DocHub] Scanned: 2969.xlsx
[DocHub] Scanned: 2970.xlsx
[DocHub] Scanned: 2971.xlsx
[DocHub] Scanned: 2972.xlsx
[DocHub] Scanned: 2973.xlsx
[DocHub] Scanned: 2974.xlsx
[DocHub] Scanned: 2975.xlsx
[DocHub] Scanned: 2976.xlsx
[DocHub] Scanned: 2977.xlsx
[DocHub] Scanned: 2978.xlsx
[DocHub] Scanned: 2979.xlsx
[DocHub] Scanned: 2980.xlsx
[DocHub] Scanned: 2981.xlsx
[DocHub] Scanned: 2982.xlsx
[DocHub] Scanned: 2983.xlsx
[DocHub] Scanned: 2984.xlsx
[DocHub] Scanned: 2985.xlsx
[DocHub] Scanned: 2986.xlsx
[DocHub] Scanned: 2987.xlsx
[DocHub] Scanned: 2988.xlsx
[DocHub] Scanned: 2989.xlsx
[DocHub] Scanned: 2990.xlsx
[DocHub] Scanned: 2991.xlsx
[DocHub] Scanned: 2992.xlsx
[DocHub] Scanned: 2993.xlsx
[DocHub] Scanned: 2994.xlsx
[DocHub] Scanned: 2995.xlsx
[DocHub] Scanned: 2996.xlsx
[DocHub] Scanned: 2997.xlsx
[DocHub] Scanned: 2998.xlsx
[DocHub] Scanned: 2999.xlsx
[DocHub] Scanned: 3000.xlsx
[DocHub] Scanned: 3001.xlsx
[DocHub] Scanned: 3002.xlsx
[DocHub] Scanned: 3003.xlsx
[DocHub] Scanned: 3004.xlsx
[DocHub] Scanned: 3005.xlsx
[DocHub] Scanned: 3006.xlsx
[DocHub] Scanned: 3007.xlsx
[DocHub] Scanned: 3008.xlsx
[DocHub] Scanned: 3009.xlsx
[DocHub] Scanned: 3010.xlsx
[DocHub] Scanned: 3011.xlsx
[DocHub] Scanned: 3012.xlsx
[DocHub] Scanned: 3013.xlsx
[DocHub] Scanned: 3014.xlsx
[DocHub] Scanned: 3015.xlsx
[DocHub] Scanned: 3016.xlsx
[DocHub] Scanned: 3017.xlsx
[DocHub] Scanned: 3018.xlsx
[DocHub] Scanned: 3019.xlsx
[DocHub] Scanned: 3020.xlsx
[DocHub] Scanned: 3021.xlsx
[DocHub] Scanned: 3022.xlsx
[DocHub] Scanned: 3023.xlsx
[DocHub] Scanned: 3024.xlsx
[DocHub] Scanned: 3025.xlsx
[DocHub] Scanned: 3026.xlsx
[DocHub] Scanned: 3027.xlsx
[DocHub] Scanned: 3028.xlsx
[DocHub] Scanned: 3029.xlsx
[DocHub] Scanned: 3030.xlsx
[DocHub] Scanned: 3031.xlsx
[DocHub] Scanned: 3032.xlsx
[DocHub] Scanned: 3033.xlsx
[DocHub] Scanned: 3034.xlsx
[DocHub] Scanned: 3035.xlsx
[DocHub] Scanned: 3036.xlsx
[DocHub] Scanned: 3037.xlsx
[DocHub] Scanned: 3038.xlsx
[DocHub] Scanned: 3039.xlsx
[DocHub] Scanned: 3040.xlsx
[DocHub] Scanned: 3041.xlsx
[DocHub] Scanned: 3087.xlsx
[DocHub] Scanned: 安全阀报告模板终.xlsx
[DocHub] Scanned: 3661.xlsx
[DocHub] Scanned: 3662.xlsx
[DocHub] Scanned: 3663.xlsx
[DocHub] Scanned: 3664.xlsx
[DocHub] Scanned: 3665.xlsx
[DocHub] Scanned: 3666.xlsx
[DocHub] Scanned: 3667.xlsx
[DocHub] Scanned: 3668.xlsx
[DocHub] Scanned: 3669.xlsx
[DocHub] Scanned: 3670.xlsx
[DocHub] Scanned: 3671.xlsx
[DocHub] Scanned: 3672.xlsx
[DocHub] Scanned: 3673.xlsx
[DocHub] Scanned: 3674.xlsx
[DocHub] Scanned: 3675.xlsx
[DocHub] Scanned: 3676.xlsx
[DocHub] Scanned: 3677.xlsx
[DocHub] Scanned: 3678.xlsx
[DocHub] Scanned: 3679.xlsx
[DocHub] Scanned: 3680.xlsx
[DocHub] Scanned: 3681.xlsx
[DocHub] Scanned: 3682.xlsx
[DocHub] Scanned: 3683.xlsx
[DocHub] Scanned: 3684.xlsx
[DocHub] Scanned: 3685.xlsx
[DocHub] Scanned: 3686.xlsx
[DocHub] Scanned: 3687.xlsx
[DocHub] Scanned: 3688.xlsx
[DocHub] Scanned: 3689.xlsx
[DocHub] Scanned: 3690.xlsx
[DocHub] Scanned: 3691.xlsx
[DocHub] Scanned: 3692.xlsx
[DocHub] Scanned: 3693.xlsx
[DocHub] Scanned: 3694.xlsx
[DocHub] Scanned: 3695.xlsx
[DocHub] Scanned: 3696.xlsx
[DocHub] Scanned: 3697.xlsx
[DocHub] Scanned: 3698.xlsx
[DocHub] Scanned: 3699.xlsx
[DocHub] Scanned: 3700.xlsx
[DocHub] Scanned: 3701.xlsx
[DocHub] Scanned: 3702.xlsx
[DocHub] Scanned: 3703.xlsx
[DocHub] Scanned: 3704.xlsx
[DocHub] Scanned: 3705.xlsx
[DocHub] Scanned: 3706.xlsx
[DocHub] Scanned: 3707.xlsx
[DocHub] Scanned: 3708.xlsx
[DocHub] Scanned: 3709.xlsx
[DocHub] Scanned: 3710.xlsx
[DocHub] Scanned: 3711.xlsx
[DocHub] Scanned: 3712.xlsx
[DocHub] Scanned: 3713.xlsx
[DocHub] Scanned: 3714.xlsx
[DocHub] Scanned: 3715.xlsx
[DocHub] Scanned: 3716.xlsx
[DocHub] Scanned: 3717.xlsx
[DocHub] Scanned: 3718.xlsx
[DocHub] Scanned: 3719.xlsx
[DocHub] Scanned: 3720.xlsx
[DocHub] Scanned: 3721.xlsx
[DocHub] Scanned: 3722.xlsx
[DocHub] Scanned: 3723.xlsx
[DocHub] Scanned: 3724.xlsx
[DocHub] Scanned: 3725.xlsx
[DocHub] Scanned: 3726.xlsx
[DocHub] Scanned: 3727.xlsx
[DocHub] Scanned: 3728.xlsx
[DocHub] Scanned: 3729.xlsx
[DocHub] Scanned: 3730.xlsx
[DocHub] Scanned: 3731.xlsx
[DocHub] Scanned: 3732.xlsx
[DocHub] Scanned: 3733.xlsx
[DocHub] Scanned: 3734.xlsx
[DocHub] Scanned: 3735.xlsx
[DocHub] Scanned: 3737.xlsx
[DocHub] Scanned: 3738.xlsx
[DocHub] Scanned: 3739.xlsx
[DocHub] Scanned: 3740.xlsx
[DocHub] Scanned: 3741.xlsx
[DocHub] Scanned: 3742.xlsx
[DocHub] Scanned: 3743.xlsx
[DocHub] Scanned: 3744.xlsx
[DocHub] Scanned: 3745.xlsx
[DocHub] Scanned: 3746.xlsx
[DocHub] Scanned: 3747.xlsx
[DocHub] Scanned: 3748.xlsx
[DocHub] Scanned: 3749.xlsx
[DocHub] Scanned: 3750.xlsx
[DocHub] Scanned: 3751.xlsx
[DocHub] Scanned: 3752.xlsx
[DocHub] Scanned: 3753.xlsx
[DocHub] Scanned: 3754.xlsx
[DocHub] Scanned: 3755.xlsx
[DocHub] Scanned: 3756.xlsx
[DocHub] Scanned: 3757.xlsx
[DocHub] Scanned: 3758.xlsx
[DocHub] Scanned: 3759.xlsx
[DocHub] Scanned: 3760.xlsx
[DocHub] Scanned: 3761.xlsx
[DocHub] Scanned: 3762.xlsx
[DocHub] Scanned: 3763.xlsx
[DocHub] Scanned: 3764.xlsx
[DocHub] Scanned: 3765.xlsx
[DocHub] Scanned: 3766.xlsx
[DocHub] Scanned: 3767.xlsx
[DocHub] Scanned: 3768.xlsx
[DocHub] Scanned: 3769.xlsx
[DocHub] Scanned: 3773.xlsx
[DocHub] Scanned: 3774.xlsx
[DocHub] Scanned: 3775.xlsx
[DocHub] Scanned: 3776.xlsx
[DocHub] Scanned: 3777.xlsx
[DocHub] Scanned: 3778.xlsx
[DocHub] Scanned: 3779.xlsx
[DocHub] Scanned: 3780.xlsx
[DocHub] Scanned: 3781.xlsx
[DocHub] Scanned: 3782.xlsx
[DocHub] Scanned: 3783.xlsx
[DocHub] Scanned: 3784.xlsx
[DocHub] Scanned: 3785.xlsx
[DocHub] Scanned: 3786.xlsx
[DocHub] Scanned: 3787.xlsx
[DocHub] Scanned: 3788.xlsx
[DocHub] Scanned: 3789.xlsx
[DocHub] Scanned: 3790.xlsx
[DocHub] Scanned: 3791.xlsx
[DocHub] Scanned: 3792.xlsx
[DocHub] Scanned: 3793.xlsx
[DocHub] Scanned: 3794.xlsx
[DocHub] Scanned: 3795.xlsx
[DocHub] Scanned: 3796.xlsx
[DocHub] Scanned: 3797.xlsx
[DocHub] Scanned: 3798.xlsx
[DocHub] Scanned: 3799.xlsx
[DocHub] Scanned: 3800.xlsx
[DocHub] Scanned: 3801.xlsx
[DocHub] Scanned: 3802.xlsx
[DocHub] Scanned: 3803.xlsx
[DocHub] Scanned: 3804.xlsx
[DocHub] Scanned: 3805.xlsx
[DocHub] Scanned: 3806.xlsx
[DocHub] Scanned: 3807.xlsx
[DocHub] Scanned: 3808.xlsx
[DocHub] Scanned: 3809.xlsx
[DocHub] Scanned: 3810.xlsx
[DocHub] Scanned: 3811.xlsx
[DocHub] Scanned: 3812.xlsx
[DocHub] Scanned: 3813.xlsx
[DocHub] Scanned: 3814.xlsx
[DocHub] Scanned: 3815.xlsx
[DocHub] Scanned: 3816.xlsx
[DocHub] Scanned: 3817.xlsx
[DocHub] Scanned: 3818.xlsx
[DocHub] Scanned: 3819.xlsx
[DocHub] Scanned: 3820.xlsx
[DocHub] Scanned: 3821.A.xlsx
[DocHub] Scanned: 3821.xlsx
[DocHub] Scanned: 3822.xlsx
[DocHub] Scanned: 3823.xlsx
[DocHub] Scanned: 3824.xlsx
[DocHub] Scanned: 3825.xlsx
[DocHub] Scanned: 3826.xlsx
[DocHub] Scanned: 3827.xlsx
[DocHub] Scanned: 3828.xlsx
[DocHub] Scanned: 3829.xlsx
[DocHub] Scanned: 3830.xlsx
[DocHub] Scanned: 3831.xlsx
[DocHub] Scanned: 3832.xlsx
[DocHub] Scanned: 3833.xlsx
[DocHub] Scanned: 3834.xlsx
[DocHub] Scanned: 3835.xlsx
[DocHub] Scanned: 3836.xlsx
[DocHub] Scanned: 3837.xlsx
[DocHub] Scanned: 3838.xlsx
[DocHub] Scanned: 3839.xlsx
[DocHub] Scanned: 3840.xlsx
[DocHub] Scanned: 3841.xlsx
[DocHub] Scanned: 3842.xlsx
[DocHub] Scanned: 3843.xlsx
[DocHub] Scanned: 3844.xlsx
[DocHub] Scanned: 3845.xlsx
[DocHub] Scanned: 3846.xlsx
[DocHub] Scanned: 3847.xlsx
[DocHub] Scanned: 3848.xlsx
[DocHub] Scanned: 3849.xlsx
[DocHub] Scanned: 3850.xlsx
[DocHub] Scanned: 3851.xlsx
[DocHub] Scanned: 3852.xlsx
[DocHub] Scanned: 3853.xlsx
[DocHub] Scanned: 3854.xlsx
[DocHub] Scanned: 3855.xlsx
[DocHub] Scanned: 3856.xlsx
[DocHub] Scanned: 3857.xlsx
[DocHub] Scanned: 3858.xlsx
[DocHub] Scanned: 3859.xlsx
[DocHub] Scanned: 3860.xlsx
[DocHub] Scanned: 3861.xlsx
[DocHub] Scanned: 3862.xlsx
[DocHub] Scanned: 3863.xlsx
[DocHub] Scanned: 3864.xlsx
[DocHub] Scanned: 3865.xlsx
[DocHub] Scanned: 3866.xlsx
[DocHub] Scanned: 3867.xlsx
[DocHub] Scanned: 3868.xlsx
[DocHub] Scanned: 3869.xlsx
[DocHub] Scanned: 3870.xlsx
[DocHub] Scanned: 3871.xlsx
[DocHub] Scanned: 3873.xlsx
[DocHub] Scanned: 3874.xlsx
[DocHub] Scanned: 3875.xlsx
[DocHub] Scanned: 3876.xlsx
[DocHub] Scanned: 3877.xlsx
[DocHub] Scanned: 3878.xlsx
[DocHub] Scanned: 3879.xlsx
[DocHub] Scanned: 3880.xlsx
[DocHub] Scanned: 3881.xlsx
[DocHub] Scanned: 3882.xlsx
[DocHub] Scanned: 3883.xlsx
[DocHub] Scanned: 3884.xlsx
[DocHub] Scanned: 3885.xlsx
[DocHub] Scanned: 3886.xlsx
[DocHub] Scanned: 3887.xlsx
[DocHub] Scanned: 3888.xlsx
[DocHub] Scanned: 3889.xlsx
[DocHub] Scanned: 3890.xlsx
[DocHub] Scanned: 3891.xlsx
[DocHub] Scanned: 3892.xlsx
[DocHub] Scanned: 3893.xlsx
[DocHub] Scanned: 3894.xlsx
[DocHub] Scanned: 3895.xlsx
[DocHub] Scanned: 3896.xlsx
[DocHub] Scanned: 3897.xlsx
[DocHub] Scanned: 3898.xlsx
[DocHub] Scanned: 3899.xlsx
[DocHub] Scanned: 3900.xlsx
[DocHub] Scanned: 3901.xlsx
[DocHub] Scanned: 3902.xlsx
[DocHub] Scanned: 3903.xlsx
[DocHub] Scanned: 3904.xlsx
[DocHub] Scanned: 3905.xlsx
[DocHub] Scanned: 3906.xlsx
[DocHub] Scanned: 3907.xlsx
[DocHub] Scanned: 3908.xlsx
[DocHub] Scanned: 3909.xlsx
[DocHub] Scanned: 3910.xlsx
[DocHub] Scanned: 3911.xlsx
[DocHub] Scanned: 3912.xlsx
[DocHub] Scanned: 3913.xlsx
[DocHub] Scanned: 3914.xlsx
[DocHub] Scanned: 3915.xlsx
[DocHub] Scanned: 3916.xlsx
[DocHub] Scanned: 3917.xlsx
[DocHub] Scanned: 3918.xlsx
[DocHub] Scanned: 3919.xlsx
[DocHub] Scanned: 3920.xlsx
[DocHub] Scanned: 3921.xlsx
[DocHub] Scanned: 3922.xlsx
[DocHub] Scanned: 3923.xlsx
[DocHub] Scanned: 3924.xlsx
[DocHub] Scanned: 3925.xlsx
[DocHub] Scanned: 3926.xlsx
[DocHub] Scanned: 3927.xlsx
[DocHub] Scanned: 3928.xlsx
[DocHub] Scanned: 3929.xlsx
[DocHub] Scanned: 3930.xlsx
[DocHub] Scanned: 3931.xlsx
[DocHub] Scanned: 3932.xlsx
[DocHub] Scanned: 3933.xlsx
[DocHub] Scanned: 3934.xlsx
[DocHub] Scanned: 3935.xlsx
[DocHub] Scanned: 3936.xlsx
[DocHub] Scanned: 3937.xlsx
[DocHub] Scanned: 3938...xlsx
[DocHub] Scanned: 3938.xlsx
[DocHub] Scanned: 3939.xlsx
[DocHub] Scanned: 3940.xlsx
[DocHub] Scanned: 3941.xlsx
[DocHub] Scanned: 3942.xlsx
[DocHub] Scanned: 3943.xlsx
[DocHub] Scanned: 3944.xlsx
[DocHub] Scanned: 3945.xlsx
[DocHub] Scanned: 3946.xlsx
[DocHub] Scanned: 3947.xlsx
[DocHub] Scanned: 3948.xlsx
[DocHub] Scanned: 3949.xlsx
[DocHub] Scanned: 3950.xlsx
[DocHub] Scanned: 3951.xlsx
[DocHub] Scanned: 3952.xlsx
[DocHub] Scanned: 3953.xlsx
[DocHub] Scanned: 3954.xlsx
[DocHub] Scanned: 3955.xlsx
[DocHub] Scanned: 3956.xlsx
[DocHub] Scanned: 3957.xlsx
[DocHub] Scanned: 3958.xlsx
[DocHub] Scanned: 3959.xlsx
[DocHub] Scanned: 3960.xlsx
[DocHub] Scanned: 3961.xlsx
[DocHub] Scanned: 3962.xlsx
[DocHub] Scanned: 3963.xlsx
[DocHub] Scanned: 3964.xlsx
[DocHub] Scanned: 3965.xlsx
[DocHub] Scanned: 3966.xlsx
[DocHub] Scanned: 3967.xlsx
[DocHub] Scanned: 3968.xlsx
[DocHub] Scanned: 3969.xlsx
[DocHub] Scanned: 3970.xlsx
[DocHub] Scanned: 3971.xlsx
[DocHub] Scanned: 3972.xlsx
[DocHub] Scanned: 3973.xlsx
[DocHub] Scanned: 3974.xlsx
[DocHub] Scanned: 3975.xlsx
[DocHub] Scanned: 3976.xlsx
[DocHub] Scanned: 3977.xlsx
[DocHub] Scanned: 3978.xlsx
[DocHub] Scanned: 3979.xlsx
[DocHub] Scanned: 3980.xlsx
[DocHub] Scanned: 3981.xlsx
[DocHub] Scanned: 3982.xlsx
[DocHub] Scanned: 3983.xlsx
[DocHub] Scanned: 3984.xlsx
[DocHub] Scanned: 3985.xlsx
[DocHub] Scanned: 3986.xlsx
[DocHub] Scanned: 3987.xlsx
[DocHub] Scanned: 3988.xlsx
[DocHub] Scanned: 3989.xlsx
[DocHub] Scanned: 3990.xlsx
[DocHub] Scanned: 3991.xlsx
[DocHub] Scanned: 3992.xlsx
[DocHub] Scanned: 3993.xlsx
[DocHub] Scanned: 3994.xlsx
[DocHub] Scanned: 3995.xlsx
[DocHub] Scanned: 3996.xlsx
[DocHub] Scanned: 3997.xlsx
[DocHub] Scanned: 3998.xlsx
[DocHub] Scanned: 3999.xlsx
[DocHub] Scanned: 4000.xlsx
[DocHub] Scanned: 4001.xlsx
[DocHub] Scanned: 4002.xlsx
[DocHub] Scanned: 4003.xlsx
[DocHub] Scanned: 4004.xlsx
[DocHub] Scanned: 4005.xlsx
[DocHub] Scanned: 4006.xlsx
[DocHub] Scanned: 4007.xlsx
[DocHub] Scanned: 4008.xlsx
[DocHub] Scanned: 4009.xlsx
[DocHub] Scanned: 4010.xlsx
[DocHub] Scanned: 4011.xlsx
[DocHub] Scanned: 4012.xlsx
[DocHub] Scanned: 4013.xlsx
[DocHub] Scanned: 4014.xlsx
[DocHub] Scanned: 4015.xlsx
[DocHub] Scanned: 4016.xlsx
[DocHub] Scanned: 4017.xlsx
[DocHub] Scanned: 4018.xlsx
[DocHub] Scanned: 4019.xlsx
[DocHub] Scanned: 4020.xlsx
[DocHub] Scanned: 4021.xlsx
[DocHub] Scanned: ~$3914.xlsx
[DocHub] Scanned: 安全阀报告模板终.xlsx
[286200:0609/155033.602:ERROR:net\disk_cache\cache_util_win.cc:25] Unable to move the cache: 拒绝访问。 (0x5)
[286200:0609/155033.604:ERROR:net\disk_cache\cache_util_win.cc:25] Unable to move the cache: 拒绝访问。 (0x5)
[286200:0609/155033.605:ERROR:net\disk_cache\cache_util_win.cc:25] Unable to move the cache: 拒绝访问。 (0x5)
[286200:0609/155033.617:ERROR:net\disk_cache\disk_cache.cc:236] Unable to create cache
[286200:0609/155033.617:ERROR:gpu\ipc\host\gpu_disk_cache.cc:724] Gpu Cache Creation failed: -2
[286200:0609/155033.618:ERROR:net\disk_cache\disk_cache.cc:236] Unable to create cache
[286200:0609/155033.619:ERROR:gpu\ipc\host\gpu_disk_cache.cc:724] Gpu Cache Creation failed: -2
[286200:0609/155033.619:ERROR:net\disk_cache\disk_cache.cc:236] Unable to create cache
[286200:0609/155033.619:ERROR:gpu\ipc\host\gpu_disk_cache.cc:724] Gpu Cache Creation failed: -2
[CLASSIFY] 市一医.docx => UNC score:0 textLen:2291
[CLASSIFY] 1_安大航空锻造1.6.pdf => UNC score:0 textLen:0
[CLASSIFY] 台泥水（安顺）压力表1.04.docx => UNC score:0 textLen:696
[CLASSIFY] 台泥水（安顺）压力表10.17.docx => UNC score:0 textLen:747
[CLASSIFY] 台泥水（安顺）安全阀07.01.docx => UNC score:0 textLen:677
[CLASSIFY] 台泥水（安顺）安全阀校验01.04.docx => UNC score:0 textLen:893
[CLASSIFY] 台泥水（安顺）安全阀校验10.17.docx => UNC score:0 textLen:1006
[CLASSIFY] 台泥水（安顺）安全阀维修01.04.docx => UNC score:0 textLen:788
[CLASSIFY] 益佰总厂2022年安全阀校验费用清单.xlsx => UNC score:0 textLen:27017
[CLASSIFY] 东黎能源投资.docx => UNC score:0 textLen:891
[CLASSIFY] 市一医..docx => UNC score:0 textLen:2731
[CLASSIFY] 市一医10.10.docx => UNC score:0 textLen:2589
[CLASSIFY] 市一医9.25(1).docx => UNC score:0 textLen:2741
[CLASSIFY] 市一医9.25.docx => UNC score:0 textLen:2729
[CLASSIFY] 林东龙凤煤矿.docx => UNC score:0 textLen:935
[CLASSIFY] 贵州瓮安玉山-安全阀校验合同.docx => UNC score:0 textLen:6006
[CLASSIFY] 10月在线.docx => UNC score:0 textLen:208
[CLASSIFY] 11月在线台帐.docx => UNC score:0 textLen:306
[CLASSIFY] 12月在线台帐.docx => UNC score:0 textLen:227
[CLASSIFY] 1月在线台帐.docx => UNC score:0 textLen:185
[CLASSIFY] 5月在线台帐.docx => UNC score:0 textLen:469
[CLASSIFY] 6月在线台帐.docx => UNC score:0 textLen:258
[CLASSIFY] 7月在线台帐.docx => UNC score:0 textLen:379
[CLASSIFY] 8月在线.docx => UNC score:0 textLen:268
[CLASSIFY] 副本2022.12月需要校验的安全阀台账(1).xlsx => UNC score:0 textLen:3603
[CLASSIFY] 医学工程科询价函.docx => UNC score:0 textLen:671
[CLASSIFY] 医学工程科询价函11.20.docx => UNC score:0 textLen:695
[CLASSIFY] 医学工程科询价函成都.docx => UNC score:0 textLen:662
[CLASSIFY] 医学工程科询价函成都11.20.docx => UNC score:0 textLen:691
[CLASSIFY] 医学工程科询价函济南.docx => UNC score:0 textLen:665
[CLASSIFY] 医学工程科询价函济南11.20.docx => UNC score:0 textLen:691
[CLASSIFY] 安全阀.在线校验清单.xlsx => UNC score:0 textLen:826
[CLASSIFY] 德昌祥药业.xlsx => UNC score:0 textLen:297
[CLASSIFY] 沃尔玛都匀店压力表和安全阀.xlsx => UNC score:0 textLen:302
[CLASSIFY] 芭田.xlsx => UNC score:0 textLen:1048
[CLASSIFY] 贵州裕能磷化工安全阀台账.xlsx => UNC score:0 textLen:7623
[CLASSIFY] 贵阳豆品乐-出证书委托单.xlsx => UNC score:0 textLen:934
[CLASSIFY] 贵飞报价.xlsx => UNC score:0 textLen:730
[CLASSIFY] 金桥燃气.xlsx => UNC score:0 textLen:2831
[CLASSIFY] 富明包装10.30.xlsx => UNC score:0 textLen:3246
[CLASSIFY] 泰邦生物23年12月21日.doc.xlsx => UNC score:0 textLen:4583
[CLASSIFY] 益佰总厂.xlsx => UNC score:0 textLen:10706
[CLASSIFY] 贵州三峡凯铜仪器设备检验清单(1).pdf => UNC score:0 textLen:0
[CLASSIFY] 4541.xlsx => UNC score:0 textLen:856
[CLASSIFY] 4542.xlsx => UNC score:0 textLen:854
[CLASSIFY] 4543.xlsx => UNC score:0 textLen:850
[CLASSIFY] 4544.xlsx => UNC score:0 textLen:850
[CLASSIFY] 4545.xlsx => UNC score:0 textLen:847
[CLASSIFY] 4546.xlsx => UNC score:0 textLen:848
[CLASSIFY] 4547.xlsx => UNC score:0 textLen:848
[CLASSIFY] 4548.xlsx => UNC score:0 textLen:840
[CLASSIFY] 4549.xlsx => UNC score:0 textLen:848
[CLASSIFY] 4550.xlsx => UNC score:0 textLen:847
[CLASSIFY] 4551.xlsx => UNC score:0 textLen:848
[CLASSIFY] 4552.xlsx => UNC score:0 textLen:848
[CLASSIFY] 4553.xlsx => UNC score:0 textLen:848
[CLASSIFY] 4554.xlsx => UNC score:0 textLen:842
[CLASSIFY] 4555.xlsx => UNC score:0 textLen:857
[CLASSIFY] 4556.xlsx => UNC score:0 textLen:846
[CLASSIFY] 4557.xlsx => UNC score:0 textLen:860
[CLASSIFY] 4558.xlsx => UNC score:0 textLen:860
[CLASSIFY] 4559.xlsx => UNC score:0 textLen:852
[CLASSIFY] 4560.xlsx => UNC score:0 textLen:852
[CLASSIFY] 4561.xlsx => UNC score:0 textLen:847
[CLASSIFY] 4562.xlsx => UNC score:0 textLen:847
[CLASSIFY] 4563.xlsx => UNC score:0 textLen:840
[CLASSIFY] 4564.xlsx => UNC score:0 textLen:840
[CLASSIFY] 4565.xlsx => UNC score:0 textLen:841
[CLASSIFY] 4566.xlsx => UNC score:0 textLen:840
[CLASSIFY] 4567.xlsx => UNC score:0 textLen:835
[CLASSIFY] 4568.xlsx => UNC score:0 textLen:853
[CLASSIFY] 4569.xlsx => UNC score:0 textLen:858
[CLASSIFY] 4570.xlsx => UNC score:0 textLen:858
[CLASSIFY] 4571.xlsx => UNC score:0 textLen:855
[CLASSIFY] 4572.xlsx => UNC score:0 textLen:855
[CLASSIFY] 4573.xlsx => UNC score:0 textLen:855
[CLASSIFY] 4574.xlsx => UNC score:0 textLen:855
[CLASSIFY] 4575.xlsx => UNC score:0 textLen:855
[CLASSIFY] 4576.xlsx => UNC score:0 textLen:859
[CLASSIFY] 4577.xlsx => UNC score:0 textLen:856
[CLASSIFY] 4578.xlsx => UNC score:0 textLen:859
[CLASSIFY] 4579.xlsx => UNC score:0 textLen:857
[CLASSIFY] 4580.xlsx => UNC score:0 textLen:857
[CLASSIFY] 4581.xlsx => UNC score:0 textLen:855
[CLASSIFY] 4582.xlsx => UNC score:0 textLen:855
[CLASSIFY] 4583.xlsx => UNC score:0 textLen:855
[CLASSIFY] 4584.xlsx => UNC score:0 textLen:857
[CLASSIFY] 4585.xlsx => UNC score:0 textLen:852
[CLASSIFY] 4586.xlsx => UNC score:0 textLen:852
[CLASSIFY] 4587.xlsx => UNC score:0 textLen:851
[CLASSIFY] 4588.xlsx => UNC score:0 textLen:852
[CLASSIFY] 4589.xlsx => UNC score:0 textLen:852
[CLASSIFY] 4590.xlsx => UNC score:0 textLen:852
[CLASSIFY] 4591.xlsx => UNC score:0 textLen:852
[CLASSIFY] 4592.xlsx => UNC score:0 textLen:851
[CLASSIFY] 4593.xlsx => UNC score:0 textLen:851
[CLASSIFY] 4594.xlsx => UNC score:0 textLen:851
[CLASSIFY] 4595.xlsx => UNC score:0 textLen:862
[CLASSIFY] 4596.xlsx => UNC score:0 textLen:862
[CLASSIFY] 4597.xlsx => UNC score:0 textLen:862
[CLASSIFY] 4598.xlsx => UNC score:0 textLen:862
[CLASSIFY] 4599.xlsx => UNC score:0 textLen:862
[CLASSIFY] 4600.xlsx => UNC score:0 textLen:862
[CLASSIFY] 4601.xlsx => UNC score:0 textLen:862
[CLASSIFY] 4602.xlsx => UNC score:0 textLen:863
[CLASSIFY] 4603.xlsx => UNC score:0 textLen:862
[CLASSIFY] 4604.xlsx => UNC score:0 textLen:862
[CLASSIFY] 4605.xlsx => UNC score:0 textLen:852
[CLASSIFY] 4606.xlsx => UNC score:0 textLen:852
[CLASSIFY] 4607.xlsx => UNC score:0 textLen:860
[CLASSIFY] 4608.xlsx => UNC score:0 textLen:856
[CLASSIFY] 4609.xlsx => UNC score:0 textLen:856
[CLASSIFY] 4610.xlsx => UNC score:0 textLen:860
[CLASSIFY] 4611.xlsx => UNC score:0 textLen:860
[CLASSIFY] 4612.xlsx => UNC score:0 textLen:865
[CLASSIFY] 4613.xlsx => UNC score:0 textLen:865
[CLASSIFY] 4614.xlsx => UNC score:0 textLen:865
[CLASSIFY] 4615.xlsx => UNC score:0 textLen:865
[CLASSIFY] 4616.xlsx => UNC score:0 textLen:865
[CLASSIFY] 4617.xlsx => UNC score:0 textLen:851
[CLASSIFY] 4618.xlsx => UNC score:0 textLen:851
[CLASSIFY] 4619.xlsx => UNC score:0 textLen:852
[CLASSIFY] 4620.xlsx => UNC score:0 textLen:852
[CLASSIFY] 4621.xlsx => UNC score:0 textLen:852
[CLASSIFY] 4622.xlsx => UNC score:0 textLen:853
[CLASSIFY] 4623.xlsx => UNC score:0 textLen:851
[CLASSIFY] 4624.xlsx => UNC score:0 textLen:851
[CLASSIFY] 4625.xlsx => UNC score:0 textLen:849
[CLASSIFY] 4632.xlsx => UNC score:0 textLen:864
[CLASSIFY] 4633.xlsx => UNC score:0 textLen:864
[CLASSIFY] 4634.xlsx => UNC score:0 textLen:864
[CLASSIFY] 4635.xlsx => UNC score:0 textLen:864
[CLASSIFY] 4636.xlsx => UNC score:0 textLen:864
[CLASSIFY] 4637.xlsx => UNC score:0 textLen:864
[CLASSIFY] 4638.xlsx => UNC score:0 textLen:866
[CLASSIFY] 4639.xlsx => UNC score:0 textLen:864
[CLASSIFY] 4640.xlsx => UNC score:0 textLen:864
[CLASSIFY] 4641.xlsx => UNC score:0 textLen:864
[CLASSIFY] 4642.xlsx => UNC score:0 textLen:864
[CLASSIFY] 4643.xlsx => UNC score:0 textLen:864
[CLASSIFY] 4644.xlsx => UNC score:0 textLen:866
[CLASSIFY] 4645.xlsx => UNC score:0 textLen:858
[CLASSIFY] 4646.xlsx => UNC score:0 textLen:865
[CLASSIFY] 4647.xlsx => UNC score:0 textLen:866
[CLASSIFY] 4648.xlsx => UNC score:0 textLen:858
[CLASSIFY] 4649.xlsx => UNC score:0 textLen:865
[CLASSIFY] 4650.xlsx => UNC score:0 textLen:853
[CLASSIFY] 4651.xlsx => UNC score:0 textLen:869
[CLASSIFY] 4652.xlsx => UNC score:0 textLen:857
[CLASSIFY] 4653.xlsx => UNC score:0 textLen:845
[CLASSIFY] 4654.xlsx => UNC score:0 textLen:856
[CLASSIFY] 4655.xlsx => UNC score:0 textLen:852
[CLASSIFY] 4656.xlsx => UNC score:0 textLen:852
[CLASSIFY] 4658.xlsx => UNC score:0 textLen:863
[CLASSIFY] 4659.xlsx => UNC score:0 textLen:863
[CLASSIFY] 4660.xlsx => UNC score:0 textLen:867
[CLASSIFY] 4661.xlsx => UNC score:0 textLen:867
[CLASSIFY] 4662.xlsx => UNC score:0 textLen:863
[CLASSIFY] 4663.xlsx => UNC score:0 textLen:861
[CLASSIFY] 4664.xlsx => UNC score:0 textLen:862
[CLASSIFY] 4665.xlsx => UNC score:0 textLen:853
[CLASSIFY] 4666.xlsx => UNC score:0 textLen:853
[CLASSIFY] 4667.xlsx => UNC score:0 textLen:851
[CLASSIFY] 4668.xlsx => UNC score:0 textLen:851
[CLASSIFY] 4669.xlsx => UNC score:0 textLen:842
[CLASSIFY] 4670.xlsx => UNC score:0 textLen:842
[CLASSIFY] 4671.xlsx => UNC score:0 textLen:846
[CLASSIFY] 4672.xlsx => UNC score:0 textLen:846
[CLASSIFY] 4673.xlsx => UNC score:0 textLen:870
[CLASSIFY] 4674.xlsx => UNC score:0 textLen:870
[CLASSIFY] 4675.xlsx => UNC score:0 textLen:870
[CLASSIFY] 4676.xlsx => UNC score:0 textLen:868
[CLASSIFY] 4677.xlsx => UNC score:0 textLen:849
[CLASSIFY] 4678.xlsx => UNC score:0 textLen:854
[CLASSIFY] 4679.xlsx => UNC score:0 textLen:868
[CLASSIFY] 4680.xlsx => UNC score:0 textLen:865
[CLASSIFY] 4681.xlsx => UNC score:0 textLen:865
[CLASSIFY] 4682.xlsx => UNC score:0 textLen:865
[CLASSIFY] 4683.xlsx => UNC score:0 textLen:865
[CLASSIFY] 4684.xlsx => UNC score:0 textLen:868
[CLASSIFY] 4685.xlsx => UNC score:0 textLen:868
[CLASSIFY] 4686.xlsx => UNC score:0 textLen:868
[CLASSIFY] 4687.xlsx => UNC score:0 textLen:868
[CLASSIFY] 4688.xlsx => UNC score:0 textLen:868
[CLASSIFY] 4689.xlsx => UNC score:0 textLen:868
[CLASSIFY] 4690.xlsx => UNC score:0 textLen:868
[CLASSIFY] 4691.xlsx => UNC score:0 textLen:868
[CLASSIFY] 4692.xlsx => UNC score:0 textLen:858
[CLASSIFY] 4693.xlsx => UNC score:0 textLen:855
[CLASSIFY] 4694.xlsx => UNC score:0 textLen:852
[CLASSIFY] 4695.xlsx => UNC score:0 textLen:852
[CLASSIFY] 4696.xlsx => UNC score:0 textLen:852
[CLASSIFY] 4697.xlsx => UNC score:0 textLen:852
[CLASSIFY] 4698.xlsx => UNC score:0 textLen:852
[CLASSIFY] 4699.xlsx => UNC score:0 textLen:855
[CLASSIFY] 4700.xlsx => UNC score:0 textLen:857
[CLASSIFY] 4701.xlsx => UNC score:0 textLen:856
[CLASSIFY] 4702.xlsx => UNC score:0 textLen:844
[CLASSIFY] 4703.xlsx => UNC score:0 textLen:844
[CLASSIFY] 4704.xlsx => UNC score:0 textLen:857
[CLASSIFY] 4705.xlsx => UNC score:0 textLen:861
[CLASSIFY] 4706.xlsx => UNC score:0 textLen:861
[CLASSIFY] 4707.xlsx => UNC score:0 textLen:859
[CLASSIFY] 4708.xlsx => UNC score:0 textLen:859
[CLASSIFY] 4709.xlsx => UNC score:0 textLen:861
[CLASSIFY] 4710.xlsx => UNC score:0 textLen:861
[CLASSIFY] 4711.xlsx => UNC score:0 textLen:866
[CLASSIFY] 4712.xlsx => UNC score:0 textLen:852
[CLASSIFY] 4713.xlsx => UNC score:0 textLen:871
[CLASSIFY] 4714.xlsx => UNC score:0 textLen:871
[CLASSIFY] 4715.xlsx => UNC score:0 textLen:871
[CLASSIFY] 4716.xlsx => UNC score:0 textLen:871
[CLASSIFY] 4717.xlsx => UNC score:0 textLen:871
[CLASSIFY] 4718.xlsx => UNC score:0 textLen:857
[CLASSIFY] 4719.xlsx => UNC score:0 textLen:851
[CLASSIFY] 4720.xlsx => UNC score:0 textLen:854
[CLASSIFY] 4721.xlsx => UNC score:0 textLen:854
[CLASSIFY] 4722.xlsx => UNC score:0 textLen:851
[CLASSIFY] 4723.xlsx => UNC score:0 textLen:860
[CLASSIFY] 4724.xlsx => UNC score:0 textLen:854
[CLASSIFY] 4725.xlsx => UNC score:0 textLen:854
[CLASSIFY] 4726.xlsx => UNC score:0 textLen:854
[CLASSIFY] 4727.xlsx => UNC score:0 textLen:854
[CLASSIFY] 4728.xlsx => UNC score:0 textLen:851
[CLASSIFY] 4729.xlsx => UNC score:0 textLen:851
[CLASSIFY] 4730.xlsx => UNC score:0 textLen:850
[CLASSIFY] 4731.xlsx => UNC score:0 textLen:851
[CLASSIFY] 4732.xlsx => UNC score:0 textLen:862
[CLASSIFY] 4733.xlsx => UNC score:0 textLen:855
[CLASSIFY] 4734.xlsx => UNC score:0 textLen:847
[CLASSIFY] 4735.xlsx => UNC score:0 textLen:846
[CLASSIFY] 4736.xlsx => UNC score:0 textLen:847
[CLASSIFY] 4737.xlsx => UNC score:0 textLen:845
[CLASSIFY] 4738.xlsx => UNC score:0 textLen:846
[CLASSIFY] 4739.xlsx => UNC score:0 textLen:846
[CLASSIFY] 4740.xlsx => UNC score:0 textLen:846
[CLASSIFY] 4741.xlsx => UNC score:0 textLen:863
[CLASSIFY] 4742.xlsx => UNC score:0 textLen:861
[CLASSIFY] 4743.xlsx => UNC score:0 textLen:863
[CLASSIFY] 4744.xlsx => UNC score:0 textLen:863
[CLASSIFY] 4745.xlsx => UNC score:0 textLen:863
[CLASSIFY] 4746.xlsx => UNC score:0 textLen:861
[CLASSIFY] 4747.xlsx => UNC score:0 textLen:861
[CLASSIFY] 4748.xlsx => UNC score:0 textLen:856
[CLASSIFY] 4749.xlsx => UNC score:0 textLen:850
[CLASSIFY] 4750.xlsx => UNC score:0 textLen:848
[CLASSIFY] 4751.xlsx => UNC score:0 textLen:873
[CLASSIFY] 4752.xlsx => UNC score:0 textLen:873
[CLASSIFY] 4753.xlsx => UNC score:0 textLen:846
[CLASSIFY] 4754.xlsx => UNC score:0 textLen:846
[CLASSIFY] 4755.xlsx => UNC score:0 textLen:846
[CLASSIFY] 4756.xlsx => UNC score:0 textLen:846
[CLASSIFY] 4757.xlsx => UNC score:0 textLen:848
[CLASSIFY] 4758.xlsx => UNC score:0 textLen:845
[CLASSIFY] 4759.xlsx => UNC score:0 textLen:845
[CLASSIFY] 4760.xlsx => UNC score:0 textLen:850
[CLASSIFY] 4761.xlsx => UNC score:0 textLen:848
[CLASSIFY] 4762.xlsx => UNC score:0 textLen:848
[CLASSIFY] 4763.xlsx => UNC score:0 textLen:860
[CLASSIFY] 4764.xlsx => UNC score:0 textLen:861
[CLASSIFY] 4765.xlsx => UNC score:0 textLen:868
[CLASSIFY] 4766.xlsx => UNC score:0 textLen:868
[CLASSIFY] 4767.xlsx => UNC score:0 textLen:850
[CLASSIFY] 4768.xlsx => UNC score:0 textLen:863
[CLASSIFY] 4769.xlsx => UNC score:0 textLen:863
[CLASSIFY] 4770.xlsx => UNC score:0 textLen:858
[CLASSIFY] 4771.xlsx => UNC score:0 textLen:858
[CLASSIFY] 4772.xlsx => UNC score:0 textLen:858
[CLASSIFY] 4773.xlsx => UNC score:0 textLen:858
[CLASSIFY] 4774.xlsx => UNC score:0 textLen:855
[CLASSIFY] 4775.xlsx => UNC score:0 textLen:859
[CLASSIFY] 4776.xlsx => UNC score:0 textLen:855
[CLASSIFY] 4777.xlsx => UNC score:0 textLen:861
[CLASSIFY] 4778.xlsx => UNC score:0 textLen:858
[CLASSIFY] 4779.xlsx => UNC score:0 textLen:858
[CLASSIFY] 4780.xlsx => UNC score:0 textLen:858
[CLASSIFY] 4781.xlsx => UNC score:0 textLen:858
[CLASSIFY] 4782.xlsx => UNC score:0 textLen:858
[CLASSIFY] 4783.xlsx => UNC score:0 textLen:858
[CLASSIFY] 4784.xlsx => UNC score:0 textLen:858
[CLASSIFY] 4785.xlsx => UNC score:0 textLen:849
[CLASSIFY] 4786.xlsx => UNC score:0 textLen:848
[CLASSIFY] 4787.xlsx => UNC score:0 textLen:848
[CLASSIFY] 4788.xlsx => UNC score:0 textLen:865
[CLASSIFY] 4789.xlsx => UNC score:0 textLen:865
[CLASSIFY] 4790.xlsx => UNC score:0 textLen:865
[CLASSIFY] 4791.xlsx => UNC score:0 textLen:865
[CLASSIFY] 4792.xlsx => UNC score:0 textLen:867
[CLASSIFY] 4793.xlsx => UNC score:0 textLen:866
[CLASSIFY] 4794.xlsx => UNC score:0 textLen:866
[CLASSIFY] 4795.xlsx => UNC score:0 textLen:863
[CLASSIFY] 4796.xlsx => UNC score:0 textLen:865
[CLASSIFY] 4797.xlsx => UNC score:0 textLen:861
[CLASSIFY] 4798.xlsx => UNC score:0 textLen:862
[CLASSIFY] 4799.xlsx => UNC score:0 textLen:859
[CLASSIFY] 4800.xlsx => UNC score:0 textLen:856
[CLASSIFY] 4801.xlsx => UNC score:0 textLen:864
[CLASSIFY] 4802.xlsx => UNC score:0 textLen:855
[CLASSIFY] 4803.xlsx => UNC score:0 textLen:857
[CLASSIFY] 4804.xlsx => UNC score:0 textLen:856
[CLASSIFY] 4805.xlsx => UNC score:0 textLen:867
[CLASSIFY] 4806.xlsx => UNC score:0 textLen:867
[CLASSIFY] 4807.xlsx => UNC score:0 textLen:867
[CLASSIFY] 4808..xlsx => UNC score:0 textLen:841
[CLASSIFY] 4808.xlsx => UNC score:0 textLen:867
[CLASSIFY] 4809.xlsx => UNC score:0 textLen:844
[CLASSIFY] 4810.xlsx => UNC score:0 textLen:844
[CLASSIFY] 4811.xlsx => UNC score:0 textLen:848
[CLASSIFY] 4812.xlsx => UNC score:0 textLen:850
[CLASSIFY] 4813.xlsx => UNC score:0 textLen:847
[CLASSIFY] 4814.xlsx => UNC score:0 textLen:854
[CLASSIFY] 4815.xlsx => UNC score:0 textLen:854
[CLASSIFY] 4816.xlsx => UNC score:0 textLen:854
[CLASSIFY] 4817.xlsx => UNC score:0 textLen:851
[CLASSIFY] 4818.xlsx => UNC score:0 textLen:848
[CLASSIFY] 4819.xlsx => UNC score:0 textLen:853
[CLASSIFY] 4820.xlsx => UNC score:0 textLen:853
[CLASSIFY] 4821.xlsx => UNC score:0 textLen:863
[CLASSIFY] 4822.xlsx => UNC score:0 textLen:863
[CLASSIFY] 4823.xlsx => UNC score:0 textLen:851
[CLASSIFY] 4824.xlsx => UNC score:0 textLen:851
[CLASSIFY] 4825.xlsx => UNC score:0 textLen:852
[CLASSIFY] 4826.xlsx => UNC score:0 textLen:856
[CLASSIFY] 4827.xlsx => UNC score:0 textLen:844
[CLASSIFY] 4828.xlsx => UNC score:0 textLen:851
[CLASSIFY] 4829.xlsx => UNC score:0 textLen:851
[CLASSIFY] 4830.xlsx => UNC score:0 textLen:869
[CLASSIFY] 4831.xlsx => UNC score:0 textLen:869
[CLASSIFY] 4832.xlsx => UNC score:0 textLen:850
[CLASSIFY] 4833.xlsx => UNC score:0 textLen:855
[CLASSIFY] 4852.xlsx => UNC score:0 textLen:850
[CLASSIFY] 4853.xlsx => UNC score:0 textLen:859
[CLASSIFY] 4854.xlsx => UNC score:0 textLen:853
[CLASSIFY] 4855.xlsx => UNC score:0 textLen:854
[CLASSIFY] 4856.xlsx => UNC score:0 textLen:854
[CLASSIFY] 4860.xlsx => UNC score:0 textLen:844
[CLASSIFY] 4861.xlsx => UNC score:0 textLen:844
[CLASSIFY] 4862.xlsx => UNC score:0 textLen:846
[CLASSIFY] 4863.xlsx => UNC score:0 textLen:855
[CLASSIFY] 4864.xlsx => UNC score:0 textLen:855
[CLASSIFY] 4865.xlsx => UNC score:0 textLen:855
[CLASSIFY] 4866.xlsx => UNC score:0 textLen:855
[CLASSIFY] 4867.xlsx => UNC score:0 textLen:855
[CLASSIFY] 4868.xlsx => UNC score:0 textLen:855
[CLASSIFY] 4869.xlsx => UNC score:0 textLen:855
[CLASSIFY] 4870.xlsx => UNC score:0 textLen:855
[CLASSIFY] 4871.xlsx => UNC score:0 textLen:855
[CLASSIFY] 4872.xlsx => UNC score:0 textLen:855
[CLASSIFY] 4873.xlsx => UNC score:0 textLen:855
[CLASSIFY] 4874.xlsx => UNC score:0 textLen:855
[CLASSIFY] 4875.xlsx => UNC score:0 textLen:855
[CLASSIFY] 4876.xlsx => UNC score:0 textLen:855
[CLASSIFY] 4877.xlsx => UNC score:0 textLen:844
[CLASSIFY] 4878.xlsx => UNC score:0 textLen:855
[CLASSIFY] 4879.xlsx => UNC score:0 textLen:855
[CLASSIFY] 4880.xlsx => UNC score:0 textLen:855
[CLASSIFY] 4881.xlsx => UNC score:0 textLen:858
[CLASSIFY] 4882.xlsx => UNC score:0 textLen:858
[CLASSIFY] 4883.xlsx => UNC score:0 textLen:858
[CLASSIFY] 4884.xlsx => UNC score:0 textLen:858
[CLASSIFY] 4885.xlsx => UNC score:0 textLen:858
[CLASSIFY] 4886.xlsx => UNC score:0 textLen:858
[CLASSIFY] 4887.xlsx => UNC score:0 textLen:858
[CLASSIFY] 4888.xlsx => UNC score:0 textLen:858
[CLASSIFY] 4889.xlsx => UNC score:0 textLen:858
[CLASSIFY] 4890.xlsx => UNC score:0 textLen:858
[CLASSIFY] 4891.xlsx => UNC score:0 textLen:858
[CLASSIFY] 4892.xlsx => UNC score:0 textLen:858
[CLASSIFY] 4893.xlsx => UNC score:0 textLen:858
[CLASSIFY] 4894.xlsx => UNC score:0 textLen:855
[CLASSIFY] 4895.xlsx => UNC score:0 textLen:855
[CLASSIFY] 4896.xlsx => UNC score:0 textLen:855
[CLASSIFY] 4897.xlsx => UNC score:0 textLen:855
[CLASSIFY] 4898.xlsx => UNC score:0 textLen:855
[CLASSIFY] 4899.xlsx => UNC score:0 textLen:855
[CLASSIFY] 4900.xlsx => UNC score:0 textLen:859
[CLASSIFY] 4901.xlsx => UNC score:0 textLen:853
[CLASSIFY] 4902.xlsx => UNC score:0 textLen:845
[CLASSIFY] 4903.xlsx => UNC score:0 textLen:845
[CLASSIFY] 4904.xlsx => UNC score:0 textLen:847
[CLASSIFY] 4905.xlsx => UNC score:0 textLen:845
[CLASSIFY] 4906.xlsx => UNC score:0 textLen:845
[CLASSIFY] 4907.xlsx => UNC score:0 textLen:846
[CLASSIFY] 4908.xlsx => UNC score:0 textLen:846
[CLASSIFY] 4909.xlsx => UNC score:0 textLen:863
[CLASSIFY] 4910.xlsx => UNC score:0 textLen:857
[CLASSIFY] 4911.xlsx => UNC score:0 textLen:863
[CLASSIFY] 4912.xlsx => UNC score:0 textLen:844
[CLASSIFY] 4913.xlsx => UNC score:0 textLen:844
[CLASSIFY] 4914.xlsx => UNC score:0 textLen:847
[CLASSIFY] ~$4693.xlsx => UNC score:0 textLen:165
[CLASSIFY] 安全阀报告模板终.xlsx => UNC score:0 textLen:849
[CLASSIFY] 4010.xlsx => UNC score:0 textLen:856
[CLASSIFY] 4915.xlsx => UNC score:0 textLen:851
[CLASSIFY] 4916.xlsx => UNC score:0 textLen:851
[CLASSIFY] 4917.xlsx => UNC score:0 textLen:845
[CLASSIFY] 4918.xlsx => UNC score:0 textLen:848
[CLASSIFY] 4919.xlsx => UNC score:0 textLen:848
[CLASSIFY] 4920.xlsx => UNC score:0 textLen:850
[CLASSIFY] 4921.xlsx => UNC score:0 textLen:848
[CLASSIFY] 4922.xlsx => UNC score:0 textLen:850
[CLASSIFY] 4923.xlsx => UNC score:0 textLen:850
[CLASSIFY] 4924.xlsx => UNC score:0 textLen:864
[CLASSIFY] 4925.xlsx => UNC score:0 textLen:864
[CLASSIFY] 4926.xlsx => UNC score:0 textLen:864
[CLASSIFY] 4927.xlsx => UNC score:0 textLen:860
[CLASSIFY] 4928.xlsx => UNC score:0 textLen:877
[CLASSIFY] 4929.xlsx => UNC score:0 textLen:877
[CLASSIFY] 4930.xlsx => UNC score:0 textLen:876
[CLASSIFY] 4931.xlsx => UNC score:0 textLen:875
[CLASSIFY] 4932.xlsx => UNC score:0 textLen:875
[CLASSIFY] 4933.xlsx => UNC score:0 textLen:875
[CLASSIFY] 4934.xlsx => UNC score:0 textLen:875
[CLASSIFY] 4935.xlsx => UNC score:0 textLen:875
[CLASSIFY] 4936.xlsx => UNC score:0 textLen:875
[CLASSIFY] 4937.xlsx => UNC score:0 textLen:842
[CLASSIFY] 4938.xlsx => UNC score:0 textLen:842
[CLASSIFY] 4939.xlsx => UNC score:0 textLen:856
[CLASSIFY] 4940.xlsx => UNC score:0 textLen:856
[CLASSIFY] 4941.xlsx => UNC score:0 textLen:856
[CLASSIFY] 4942.xlsx => UNC score:0 textLen:833
[CLASSIFY] 4943.xlsx => UNC score:0 textLen:851
[CLASSIFY] 4944.xlsx => UNC score:0 textLen:852
[CLASSIFY] 4945.xlsx => UNC score:0 textLen:853
[CLASSIFY] 4946.xlsx => UNC score:0 textLen:852
[CLASSIFY] 4947.xlsx => UNC score:0 textLen:854
[CLASSIFY] 4948.xlsx => UNC score:0 textLen:854
[CLASSIFY] 4949.xlsx => UNC score:0 textLen:854
[CLASSIFY] 4950.xlsx => UNC score:0 textLen:854
[CLASSIFY] 4951.xlsx => UNC score:0 textLen:847
[CLASSIFY] 4952.xlsx => UNC score:0 textLen:854
[CLASSIFY] 4953...xlsx => UNC score:0 textLen:854
[CLASSIFY] 4953.xlsx => UNC score:0 textLen:854
[CLASSIFY] 4954.xlsx => UNC score:0 textLen:853
[CLASSIFY] 4955.xlsx => UNC score:0 textLen:853
[CLASSIFY] 4956.xlsx => UNC score:0 textLen:858
[CLASSIFY] 4957.xlsx => UNC score:0 textLen:859
[CLASSIFY] 4958.xlsx => UNC score:0 textLen:855
[CLASSIFY] 4959.xlsx => UNC score:0 textLen:855
[CLASSIFY] 4960.xlsx => UNC score:0 textLen:854
[CLASSIFY] 4961.xlsx => UNC score:0 textLen:849
[CLASSIFY] 4962.xlsx => UNC score:0 textLen:852
[CLASSIFY] 4963.xlsx => UNC score:0 textLen:852
[CLASSIFY] 4964.xlsx => UNC score:0 textLen:851
[CLASSIFY] 4965.xlsx => UNC score:0 textLen:851
[CLASSIFY] 4966.xlsx => UNC score:0 textLen:849
[CLASSIFY] 4967.xlsx => UNC score:0 textLen:855
[CLASSIFY] 4968.xlsx => UNC score:0 textLen:855
[CLASSIFY] 4969.xlsx => UNC score:0 textLen:855
[CLASSIFY] 4970.xlsx => UNC score:0 textLen:874
[CLASSIFY] 4971.xlsx => UNC score:0 textLen:874
[CLASSIFY] 4972.xlsx => UNC score:0 textLen:874
[CLASSIFY] 4973.xlsx => UNC score:0 textLen:874
[CLASSIFY] 4974.xlsx => UNC score:0 textLen:862
[CLASSIFY] 4975.xlsx => UNC score:0 textLen:862
[CLASSIFY] 4976.xlsx => UNC score:0 textLen:862
[CLASSIFY] 4977.xlsx => UNC score:0 textLen:862
[CLASSIFY] 4978.xlsx => UNC score:0 textLen:862
[CLASSIFY] 4979.xlsx => UNC score:0 textLen:862
[CLASSIFY] 4980.xlsx => UNC score:0 textLen:862
[CLASSIFY] 4981.xlsx => UNC score:0 textLen:862
[CLASSIFY] 4982.xlsx => UNC score:0 textLen:865
[CLASSIFY] 4983.xlsx => UNC score:0 textLen:865
[CLASSIFY] 4984.xlsx => UNC score:0 textLen:849
[CLASSIFY] 4985.xlsx => UNC score:0 textLen:849
[CLASSIFY] 4986.xlsx => UNC score:0 textLen:849
[CLASSIFY] 4987.xlsx => UNC score:0 textLen:849
[CLASSIFY] 4988.xlsx => UNC score:0 textLen:847
[CLASSIFY] 4989.xlsx => UNC score:0 textLen:847
[CLASSIFY] 4990.xlsx => UNC score:0 textLen:851
[CLASSIFY] 4991.xlsx => UNC score:0 textLen:843
[CLASSIFY] 4992.xlsx => UNC score:0 textLen:851
[CLASSIFY] 4993.xlsx => UNC score:0 textLen:848
[CLASSIFY] 4994.xlsx => UNC score:0 textLen:856
[CLASSIFY] 4995.xlsx => UNC score:0 textLen:849
[CLASSIFY] 4996.xlsx => UNC score:0 textLen:852
[CLASSIFY] 4997.xlsx => UNC score:0 textLen:840
[CLASSIFY] 4998.xlsx => UNC score:0 textLen:855
[CLASSIFY] 4999.xlsx => UNC score:0 textLen:855
[CLASSIFY] 5000.xlsx => UNC score:0 textLen:843
[CLASSIFY] 5001.xlsx => UNC score:0 textLen:843
[CLASSIFY] 5002.xlsx => UNC score:0 textLen:852
[CLASSIFY] 5003.xlsx => UNC score:0 textLen:852
[CLASSIFY] 5004.xlsx => UNC score:0 textLen:852
[CLASSIFY] 5005.xlsx => UNC score:0 textLen:852
[CLASSIFY] 5006.xlsx => UNC score:0 textLen:862
[CLASSIFY] 5007.xlsx => UNC score:0 textLen:862
[CLASSIFY] 5008.xlsx => UNC score:0 textLen:862
[CLASSIFY] 5009.xlsx => UNC score:0 textLen:863
[CLASSIFY] 5010.xlsx => UNC score:0 textLen:856
[CLASSIFY] 5011.xlsx => UNC score:0 textLen:857
[CLASSIFY] 5012.xlsx => UNC score:0 textLen:857
[CLASSIFY] 5013.xlsx => UNC score:0 textLen:857
[CLASSIFY] 5014.xlsx => UNC score:0 textLen:859
[CLASSIFY] 5015.xlsx => UNC score:0 textLen:859
[CLASSIFY] 5016.xlsx => UNC score:0 textLen:854
[CLASSIFY] 5017.xlsx => UNC score:0 textLen:854
